/*
SQLyog Ultimate v11.11 (64 bit)
MySQL - 5.7.23-log : Database - ams
*********************************************************************
*/

/*!40101 SET NAMES utf8 */;

/*!40101 SET SQL_MODE=''*/;

/*!40014 SET @OLD_UNIQUE_CHECKS=@@UNIQUE_CHECKS, UNIQUE_CHECKS=0 */;
/*!40101 SET @OLD_SQL_MODE=@@SQL_MODE, SQL_MODE='NO_AUTO_VALUE_ON_ZERO' */;
/*!40111 SET @OLD_SQL_NOTES=@@SQL_NOTES, SQL_NOTES=0 */;
/*Table structure for table `ads` */

CREATE TABLE `ads` (
  `ad_id` int(100) NOT NULL AUTO_INCREMENT,
  `user_id` int(100) NOT NULL,
  `category_id` int(100) DEFAULT NULL,
  `category_id_sal` int(100) DEFAULT NULL,
  `ad_type` varchar(100) DEFAULT NULL,
  `title` varchar(1000) DEFAULT NULL,
  `description` varchar(10000) DEFAULT NULL,
  `price` int(100) DEFAULT NULL,
  `expiry_date` date DEFAULT NULL,
  `source_location_coordinates` varchar(250) DEFAULT NULL,
  `source_location_address` varchar(1000) DEFAULT NULL,
  `posted_at` datetime DEFAULT NULL,
  `status` varchar(100) DEFAULT NULL,
  `source_city_id_sal` int(100) DEFAULT NULL,
  `source_city_id` int(100) DEFAULT NULL,
  `source_country_id_sal` int(100) DEFAULT NULL,
  `source_country_id` int(100) DEFAULT NULL,
  PRIMARY KEY (`ad_id`)
) ENGINE=InnoDB AUTO_INCREMENT=21 DEFAULT CHARSET=utf8;

/*Data for the table `ads` */

insert  into `ads`(`ad_id`,`user_id`,`category_id`,`category_id_sal`,`ad_type`,`title`,`description`,`price`,`expiry_date`,`source_location_coordinates`,`source_location_address`,`posted_at`,`status`,`source_city_id_sal`,`source_city_id`,`source_country_id_sal`,`source_country_id`) values (18,8,8,8,'Featured','A very good Abarth Car','Description of a very good Abarth Car.',5665,NULL,'25.20116493697292,55.256495397132845','28a Street, Al Wasl','2023-03-11 09:44:38','Under_Review',4,4,1,1),(19,8,321,9,'Featured','Acura car good one','Acura car good one description',22222,NULL,'25.204892616823837,55.2702222860408','Toyota building, Financial Center Street, Al Wasl','2023-03-12 04:06:25','Under_Review',4,4,1,7),(20,8,322,10,'Featured','Alfa romeo car good one','Alfa romeo car good one description',342,NULL,'25.215919668013584,55.26541562326671','Al Satwa Road, Al Bada\'a','2023-03-12 04:09:02','Under_Review',4,62,1,7);

/*Table structure for table `ads_analytic` */

CREATE TABLE `ads_analytic` (
  `analytic_id` int(50) NOT NULL AUTO_INCREMENT,
  `ad_id` int(50) NOT NULL,
  `views` int(50) NOT NULL,
  `clicks` int(50) NOT NULL,
  PRIMARY KEY (`analytic_id`)
) ENGINE=InnoDB AUTO_INCREMENT=20 DEFAULT CHARSET=latin1;

/*Data for the table `ads_analytic` */

insert  into `ads_analytic`(`analytic_id`,`ad_id`,`views`,`clicks`) values (17,18,0,0),(18,19,0,0),(19,20,0,0);

/*Table structure for table `ads_image` */

CREATE TABLE `ads_image` (
  `image_id` int(50) NOT NULL AUTO_INCREMENT,
  `ad_id` int(50) NOT NULL,
  `image_path` varchar(50) NOT NULL,
  `created_at` time NOT NULL,
  PRIMARY KEY (`image_id`)
) ENGINE=InnoDB AUTO_INCREMENT=24 DEFAULT CHARSET=latin1;

/*Data for the table `ads_image` */

insert  into `ads_image`(`image_id`,`ad_id`,`image_path`,`created_at`) values (19,18,'data/images/PV-MTS-19-1.jpg','09:44:38'),(20,18,'data/images/PV-MTS-20-1.jpg','09:44:38'),(21,18,'data/images/PV-MTS-21-1.jpg','09:44:38'),(22,19,'data/images/PV-MTS-20-1.jpg','04:06:25'),(23,20,'data/images/PV-MTS-21-1.jpg','04:09:02');

/*Table structure for table `ads_moderation` */

CREATE TABLE `ads_moderation` (
  `moderation_id` int(50) NOT NULL AUTO_INCREMENT,
  `ad_id` int(50) NOT NULL,
  `status` text NOT NULL,
  `moderated_at` time NOT NULL,
  `moderated_by` text NOT NULL,
  PRIMARY KEY (`moderation_id`)
) ENGINE=InnoDB AUTO_INCREMENT=20 DEFAULT CHARSET=latin1;

/*Data for the table `ads_moderation` */

insert  into `ads_moderation`(`moderation_id`,`ad_id`,`status`,`moderated_at`,`moderated_by`) values (17,18,'Under_Review','09:44:38','0'),(18,19,'Under_Review','04:06:25','0'),(19,20,'Under_Review','04:09:02','0');

/*Table structure for table `categories` */

CREATE TABLE `categories` (
  `category_id` int(100) NOT NULL AUTO_INCREMENT,
  `category_id_sal` int(100) DEFAULT NULL,
  `language` varchar(10) DEFAULT NULL,
  `name` varchar(1000) NOT NULL,
  `description` text CHARACTER SET latin1 NOT NULL,
  `parent_category_id` int(50) NOT NULL,
  `created_at` datetime NOT NULL,
  `created_by` text CHARACTER SET latin1 NOT NULL,
  `updated_at` datetime DEFAULT NULL,
  `updated_by` text CHARACTER SET latin1,
  `is_active` tinyint(1) DEFAULT NULL,
  PRIMARY KEY (`category_id`)
) ENGINE=InnoDB AUTO_INCREMENT=469 DEFAULT CHARSET=utf8;

/*Data for the table `categories` */

insert  into `categories`(`category_id`,`category_id_sal`,`language`,`name`,`description`,`parent_category_id`,`created_at`,`created_by`,`updated_at`,`updated_by`,`is_active`) values (1,1,'en','Used Cars for Sale','',0,'2023-02-21 00:00:00','','2023-02-21 00:00:00','',1),(2,2,'en','Motorcycles','',0,'2023-02-21 00:00:00','','2023-02-21 00:00:00','',0),(3,3,'en','Auto Accessories & Parts','',0,'2023-02-21 00:00:00','0','2023-02-21 10:35:58','0',0),(4,4,'en','Heavy Vehicles','',0,'2023-02-21 00:00:00','0','2023-02-21 10:34:51','0',0),(5,5,'en','Boats','',0,'2023-02-21 00:00:00','','2023-02-21 00:00:00','',0),(6,6,'en','Number Plates','',0,'2023-02-21 00:00:00','','2023-02-21 00:00:00','',0),(7,7,'en','Export Cars','',0,'2023-02-21 00:00:00','','2023-02-21 00:00:00','',0),(8,8,'en','Abarth','',1,'2023-02-21 00:00:00','','2023-02-21 00:00:00','',1),(9,9,'en','Acura','',1,'2023-02-21 00:00:00','','2023-02-21 00:00:00','',1),(10,10,'en','Alfa Romeo','',1,'2023-02-21 00:00:00','0','2023-02-21 09:17:58','0',1),(11,11,'en','Ariel','',1,'2023-02-21 00:00:00','','2023-02-21 00:00:00','',1),(12,12,'en','Aston Martin','',1,'2023-02-21 00:00:00','','2023-02-21 00:00:00','',1),(13,13,'en','Audi','',1,'2023-02-21 00:00:00','','2023-02-21 00:00:00','',1),(14,14,'en','BAC','',1,'2023-02-21 00:00:00','','2023-02-21 00:00:00','',1),(15,15,'en','BAIC','',1,'2023-02-21 00:00:00','','2023-02-21 00:00:00','',1),(16,16,'en','Bentley','',1,'2023-02-21 00:00:00','','2023-02-21 00:00:00','',1),(17,17,'en','Bestune','',1,'2023-02-21 00:00:00','','2023-02-21 00:00:00','',1),(18,18,'en','Bizzarrini','',1,'2023-02-21 00:00:00','','2023-02-21 00:00:00','',1),(19,19,'en','BMW','',1,'2023-02-21 00:00:00','','2023-02-21 00:00:00','',1),(20,20,'en','Borgward','',1,'2023-02-21 00:00:00','','2023-02-21 00:00:00','',1),(21,21,'en','Brilliance','',1,'2023-02-21 00:00:00','','2023-02-21 00:00:00','',1),(22,22,'en','Bufori','',1,'2023-02-21 00:00:00','','2023-02-21 00:00:00','',1),(23,23,'en','Bugatti','',1,'2023-02-21 00:00:00','','2023-02-21 00:00:00','',1),(24,24,'en','Buick','',1,'2023-02-21 00:00:00','','2023-02-21 00:00:00','',1),(25,25,'en','BYD','',1,'2023-02-21 00:00:00','','2023-02-21 00:00:00','',1),(26,26,'en','Cadilliac','',1,'2023-02-21 00:00:00','','2023-02-21 00:00:00','',1),(27,27,'en','Can-am','',1,'2023-02-21 00:00:00','','2023-02-21 00:00:00','',1),(28,28,'en','Sport Bike','',2,'2023-02-21 00:00:00','','2023-02-21 00:00:00','',1),(29,29,'en','Adventure / Touring','',2,'2023-02-21 00:00:00','','2023-02-21 00:00:00','',1),(30,30,'en','Cruiser / Chopper','',2,'2023-02-21 00:00:00','','2023-02-21 00:00:00','',1),(31,31,'en','Off-Road','',2,'2023-02-21 00:00:00','','2023-02-21 00:00:00','',1),(32,32,'en','Scooter','',2,'2023-02-21 00:00:00','','2023-02-21 00:00:00','',1),(33,33,'en','Standard / Commuter','',2,'2023-02-21 00:00:00','','2023-02-21 00:00:00','',1),(34,34,'en','Cafe racer','',2,'2023-02-21 00:00:00','','2023-02-21 00:00:00','',1),(35,35,'en','Trike','',2,'2023-02-21 00:00:00','','2023-02-21 00:00:00','',1),(36,36,'en','Trailer','',2,'2023-02-21 00:00:00','','2023-02-21 00:00:00','',1),(37,37,'en','Karting','',2,'2023-02-21 00:00:00','','2023-02-21 00:00:00','',1),(38,38,'en','Mo-Ped','',2,'2023-02-21 00:00:00','','2023-02-21 00:00:00','',1),(39,39,'en','Car/4x4 Parts','',3,'2023-02-21 00:00:00','','2023-02-21 00:00:00','',1),(40,40,'en','Apparel, Merchandise & Accessories','',3,'2023-02-21 00:00:00','','2023-02-21 00:00:00','',1),(41,41,'en','Motorcycle Parts','',3,'2023-02-21 00:00:00','','2023-02-21 00:00:00','',1),(42,42,'en','Automotive Tools','',3,'2023-02-21 00:00:00','','2023-02-21 00:00:00','',1),(43,43,'en','Baot Parts','',3,'2023-02-21 00:00:00','','2023-02-21 00:00:00','',1),(44,44,'en','Other Vehicle Parts','',3,'2023-02-21 00:00:00','','2023-02-21 00:00:00','',1),(45,45,'en','Trucks','',4,'2023-02-21 00:00:00','','2023-02-21 00:00:00','',1),(46,46,'en','Buses','',4,'2023-02-21 00:00:00','','2023-02-21 00:00:00','',1),(47,47,'en','Forklifts','',4,'2023-02-21 00:00:00','','2023-02-21 00:00:00','',1),(48,48,'en','Trailers','',4,'2023-02-21 00:00:00','','2023-02-21 00:00:00','',1),(49,49,'en','Cranes','',4,'2023-02-21 00:00:00','','2023-02-21 00:00:00','',1),(50,50,'en','Tankers','',4,'2023-02-21 00:00:00','','2023-02-21 00:00:00','',1),(51,51,'en','Parts & Engines','',4,'2023-02-21 00:00:00','','2023-02-21 00:00:00','',1),(52,52,'en','Other Heavy Vehicles','',4,'2023-02-21 00:00:00','','2023-02-21 00:00:00','',1),(53,53,'en','Motorboats','',5,'2023-02-21 00:00:00','','2023-02-21 00:00:00','',1),(54,54,'en','Sailboats','',5,'2023-02-21 00:00:00','','2023-02-21 00:00:00','',1),(55,55,'en','Row/Paddle Boats','',5,'2023-02-21 00:00:00','','2023-02-21 00:00:00','',1),(56,56,'en','Dubai plate','',6,'2023-02-21 00:00:00','','2023-02-21 00:00:00','',1),(57,57,'en','Abu Dhabi plate','',6,'2023-02-21 00:00:00','','2023-02-21 00:00:00','',1),(58,58,'en','Sharjah plate','',6,'2023-02-21 00:00:00','','2023-02-21 00:00:00','',1),(59,59,'en','Ajman plate','',6,'2023-02-21 00:00:00','','2023-02-21 00:00:00','',1),(60,60,'en','Fujairah plate','',6,'2023-02-21 00:00:00','','2023-02-21 00:00:00','',1),(61,61,'en','Umm al Quwain plate','',6,'2023-02-21 00:00:00','','2023-02-21 00:00:00','',1),(62,62,'en','Ras al Khaimah plate','',6,'2023-02-21 00:00:00','','2023-02-21 00:00:00','',1),(63,63,'en','Hyper sports','',28,'2023-02-21 00:00:00','','2023-02-21 00:00:00','',1),(64,64,'en','Super bike','',28,'2023-02-21 00:00:00','','2023-02-21 00:00:00','',1),(65,65,'en','Super sports','',28,'2023-02-21 00:00:00','','2023-02-21 00:00:00','',1),(66,66,'en','A/C & Heating Parts','',39,'2023-02-21 00:00:00','','2023-02-21 00:00:00','',1),(67,67,'en','Batteries','',39,'2023-02-21 00:00:00','','2023-02-21 00:00:00','',1),(68,68,'en','Brakes','',39,'2023-02-21 00:00:00','','2023-02-21 00:00:00','',1),(69,69,'en','Engine & Computer Parts','',39,'2023-02-21 00:00:00','','2023-02-21 00:00:00','',1),(70,70,'en','Exhaust/Air Intake','',39,'2023-02-21 00:00:00','','2023-02-21 00:00:00','',1),(71,71,'en','Exterior Parts','',39,'2023-02-21 00:00:00','','2023-02-21 00:00:00','',1),(72,72,'en','Interior Parts','',39,'2023-02-21 00:00:00','','2023-02-21 00:00:00','',1),(73,73,'en','Lighting','',39,'2023-02-21 00:00:00','','2023-02-21 00:00:00','',1),(74,74,'en','Suspension','',39,'2023-02-21 00:00:00','','2023-02-21 00:00:00','',1),(75,75,'en','Wheels/Tires','',39,'2023-02-21 00:00:00','','2023-02-21 00:00:00','',1),(76,76,'en','Other','',39,'2023-02-21 00:00:00','','2023-02-21 00:00:00','',1),(77,77,'en','Apparel','',40,'2023-02-21 00:00:00','','2023-02-21 00:00:00','',1),(78,78,'en','Boat Accessories','',40,'2023-02-21 00:00:00','','2023-02-21 00:00:00','',1),(79,79,'en','Car/4x4 Accessories','',40,'2023-02-21 00:00:00','','2023-02-21 00:00:00','',1),(80,80,'en','Merchandise','',40,'2023-02-21 00:00:00','','2023-02-21 00:00:00','',1),(81,81,'en','Motorcycle Accessories','',40,'2023-02-21 00:00:00','','2023-02-21 00:00:00','',1),(82,82,'en','Other','',40,'2023-02-21 00:00:00','','2023-02-21 00:00:00','',1),(83,83,'en','Accessories','',41,'2023-02-21 00:00:00','','2023-02-21 00:00:00','',1),(84,84,'en','Body & Frame','',41,'2023-02-21 00:00:00','','2023-02-21 00:00:00','',1),(85,85,'en','Brakes & Suspension','',41,'2023-02-21 00:00:00','','2023-02-21 00:00:00','',1),(86,86,'en','Engines & Components','',41,'2023-02-21 00:00:00','','2023-02-21 00:00:00','',1),(87,87,'en','Lighting','',41,'2023-02-21 00:00:00','','2023-02-21 00:00:00','',1),(88,88,'en','Wheels Tires','',41,'2023-02-21 00:00:00','','2023-02-21 00:00:00','',1),(89,89,'en','Other','',41,'2023-02-21 00:00:00','','2023-02-21 00:00:00','',1),(90,90,'en','Tool Accessories','',42,'2023-02-21 00:00:00','','2023-02-21 00:00:00','',1),(91,91,'en','Tool Sets','',42,'2023-02-21 00:00:00','','2023-02-21 00:00:00','',1),(92,92,'en','Tools','',42,'2023-02-21 00:00:00','','2023-02-21 00:00:00','',1),(93,93,'en','Body Parts & Accessories','',43,'2023-02-21 00:00:00','','2023-02-21 00:00:00','',1),(94,94,'en','Electronic Parts','',43,'2023-02-21 00:00:00','','2023-02-21 00:00:00','',1),(95,95,'en','Engine Parts','',43,'2023-02-21 00:00:00','','2023-02-21 00:00:00','',1),(96,96,'en','Plumbing & Ventilation','',43,'2023-02-21 00:00:00','','2023-02-21 00:00:00','',1),(97,97,'en','Sailing Gear','',43,'2023-02-21 00:00:00','','2023-02-21 00:00:00','',1),(98,98,'en','Other','',43,'2023-02-21 00:00:00','','2023-02-21 00:00:00','',1),(99,99,'en','Cab-Chassis','',45,'2023-02-21 00:00:00','','2023-02-21 00:00:00','',1),(100,100,'en','Cherry Picker','',45,'2023-02-21 00:00:00','','2023-02-21 00:00:00','',1),(101,101,'en','Crane Truck','',45,'2023-02-21 00:00:00','','2023-02-21 00:00:00','',1),(102,102,'en','Curtain Sider','',45,'2023-02-21 00:00:00','','2023-02-21 00:00:00','',1),(103,103,'en','Dual Cab','',45,'2023-02-21 00:00:00','','2023-02-21 00:00:00','',1),(104,104,'en','Fire Truck','',45,'2023-02-21 00:00:00','','2023-02-21 00:00:00','',1),(105,105,'en','Prime Mover','',45,'2023-02-21 00:00:00','','2023-02-21 00:00:00','',1),(106,106,'en','Refrigerated Truck','',45,'2023-02-21 00:00:00','','2023-02-21 00:00:00','',1),(107,107,'en','Service Vehicle','',45,'2023-02-21 00:00:00','','2023-02-21 00:00:00','',1),(108,108,'en','Tipper','',45,'2023-02-21 00:00:00','','2023-02-21 00:00:00','',1),(109,109,'en','Tow & Tilt','',45,'2023-02-21 00:00:00','','2023-02-21 00:00:00','',1),(110,110,'en','Wrecking','',45,'2023-02-21 00:00:00','','2023-02-21 00:00:00','',1),(111,111,'en','other','',45,'2023-02-21 00:00:00','','2023-02-21 00:00:00','',1),(112,112,'en','City Bus','',46,'2023-02-21 00:00:00','','2023-02-21 00:00:00','',1),(113,113,'en','Coach','',46,'2023-02-21 00:00:00','','2023-02-21 00:00:00','',1),(114,114,'en','Coaster','',46,'2023-02-21 00:00:00','','2023-02-21 00:00:00','',1),(115,115,'en','Other','',46,'2023-02-21 00:00:00','','2023-02-21 00:00:00','',1),(116,116,'en','School Bus','',46,'2023-02-21 00:00:00','','2023-02-21 00:00:00','',1),(117,117,'en','All Terrain','',47,'2023-02-21 00:00:00','','2023-02-21 00:00:00','',1),(118,118,'en','Diesel','',47,'2023-02-21 00:00:00','','2023-02-21 00:00:00','',1),(119,119,'en','Electric','',47,'2023-02-21 00:00:00','','2023-02-21 00:00:00','',1),(120,120,'en','Other','',47,'2023-02-21 00:00:00','','2023-02-21 00:00:00','',1),(121,121,'en','Side Loader','',47,'2023-02-21 00:00:00','','2023-02-21 00:00:00','',1),(122,122,'en','B Double','',48,'2023-02-21 00:00:00','','2023-02-21 00:00:00','',1),(123,123,'en','Curtain Sider','',48,'2023-02-21 00:00:00','','2023-02-21 00:00:00','',1),(124,124,'en','Dog Trailer','',48,'2023-02-21 00:00:00','','2023-02-21 00:00:00','',1),(125,125,'en','Dolly Trailer','',48,'2023-02-21 00:00:00','','2023-02-21 00:00:00','',1),(126,126,'en','Drop Decker','',48,'2023-02-21 00:00:00','','2023-02-21 00:00:00','',1),(127,127,'en','Extendable Trailer','',48,'2023-02-21 00:00:00','','2023-02-21 00:00:00','',1),(128,128,'en','Flat Deck','',48,'2023-02-21 00:00:00','','2023-02-21 00:00:00','',1),(129,129,'en','Low Loader','',48,'2023-02-21 00:00:00','','2023-02-21 00:00:00','',1),(130,130,'en','Other','',48,'2023-02-21 00:00:00','','2023-02-21 00:00:00','',1),(131,131,'en','Refrigerated Trailer','',48,'2023-02-21 00:00:00','','2023-02-21 00:00:00','',1),(132,132,'en','Tipper','',48,'2023-02-21 00:00:00','','2023-02-21 00:00:00','',1),(133,133,'en','All Terrain Cranes','',49,'2023-02-21 00:00:00','','2023-02-21 00:00:00','',1),(134,134,'en','Other','',49,'2023-02-21 00:00:00','','2023-02-21 00:00:00','',1),(135,135,'en','Tower Cranes','',49,'2023-02-21 00:00:00','','2023-02-21 00:00:00','',1),(136,136,'en','Tractor Cranes','',49,'2023-02-21 00:00:00','','2023-02-21 00:00:00','',1),(137,137,'en','Truck Loading','',49,'2023-02-21 00:00:00','','2023-02-21 00:00:00','',1),(138,138,'en','Fiberglass Tank','',50,'2023-02-21 00:00:00','','2023-02-21 00:00:00','',1),(139,139,'en','Fuel Tank','',50,'2023-02-21 00:00:00','','2023-02-21 00:00:00','',1),(140,140,'en','Other','',50,'2023-02-21 00:00:00','','2023-02-21 00:00:00','',1),(141,141,'en','Stainless Steel Tank','',50,'2023-02-21 00:00:00','','2023-02-21 00:00:00','',1),(142,142,'en','Water Tank','',50,'2023-02-21 00:00:00','','2023-02-21 00:00:00','',1),(143,143,'en','Bus Parts','',51,'2023-02-21 00:00:00','','2023-02-21 00:00:00','',1),(144,144,'en','Crane Parts','',51,'2023-02-21 00:00:00','','2023-02-21 00:00:00','',1),(145,145,'en','Forklift Parts','',51,'2023-02-21 00:00:00','','2023-02-21 00:00:00','',1),(146,146,'en','Other Parts','',51,'2023-02-21 00:00:00','','2023-02-21 00:00:00','',1),(147,147,'en','Tanker Parts','',51,'2023-02-21 00:00:00','','2023-02-21 00:00:00','',1),(148,148,'en','Trailer Parts','',51,'2023-02-21 00:00:00','','2023-02-21 00:00:00','',1),(149,149,'en','Truck Parts','',51,'2023-02-21 00:00:00','','2023-02-21 00:00:00','',1),(150,150,'en','Agriculture Vehicles','',52,'2023-02-21 00:00:00','','2023-02-21 00:00:00','',1),(151,151,'en','RVs & Motorhomes','',52,'2023-02-21 00:00:00','','2023-02-21 00:00:00','',1),(152,152,'en','Site Dumpers','',52,'2023-02-21 00:00:00','','2023-02-21 00:00:00','',1),(153,153,'en','Sweepers','',52,'2023-02-21 00:00:00','','2023-02-21 00:00:00','',1),(154,154,'en','Tractors','',52,'2023-02-21 00:00:00','','2023-02-21 00:00:00','',1),(155,155,'en','Winches','',52,'2023-02-21 00:00:00','','2023-02-21 00:00:00','',1),(156,156,'en','Fishing Boat','',53,'2023-02-21 00:00:00','','2023-02-21 00:00:00','',1),(157,157,'en','Outboard Dayboat','',53,'2023-02-21 00:00:00','','2023-02-21 00:00:00','',1),(158,158,'en','Pontoon/House Boat','',53,'2023-02-21 00:00:00','','2023-02-21 00:00:00','',1),(159,159,'en','Racing Boat','',53,'2023-02-21 00:00:00','','2023-02-21 00:00:00','',1),(160,160,'en','Sleeper/Mini Yacht','',53,'2023-02-21 00:00:00','','2023-02-21 00:00:00','',1),(161,161,'en','Wakeboarding/Ski Boat','',53,'2023-02-21 00:00:00','','2023-02-21 00:00:00','',1),(162,162,'en','Yacht','',53,'2023-02-21 00:00:00','','2023-02-21 00:00:00','',1),(163,163,'en','Other','',53,'2023-02-21 00:00:00','','2023-02-21 00:00:00','',1),(164,164,'en','Catamaran','',54,'2023-02-21 00:00:00','','2023-02-21 00:00:00','',1),(165,165,'en','Cruiser/Day Sailor','',54,'2023-02-21 00:00:00','','2023-02-21 00:00:00','',1),(166,166,'en','DhowVoilier','',54,'2023-02-21 00:00:00','','2023-02-21 00:00:00','',1),(167,167,'en','Dinghy','',54,'2023-02-21 00:00:00','','2023-02-21 00:00:00','',1),(168,168,'en','Racer','',54,'2023-02-21 00:00:00','','2023-02-21 00:00:00','',1),(169,169,'en','Sailing Yacht','',54,'2023-02-21 00:00:00','','2023-02-21 00:00:00','',1),(170,170,'en','Other','',54,'2023-02-21 00:00:00','','2023-02-21 00:00:00','',1),(171,171,'en','Canoe/Row Boat','',55,'2023-02-21 00:00:00','','2023-02-21 00:00:00','',1),(172,172,'en','Paddle Boat','',55,'2023-02-21 00:00:00','','2023-02-21 00:00:00','',1),(173,173,'en','Other','',55,'2023-02-21 00:00:00','','2023-02-21 00:00:00','',1),(174,174,'en','Private car','',56,'2023-02-21 00:00:00','','2023-02-21 00:00:00','',1),(175,175,'en','Classic car','',56,'2023-02-21 00:00:00','','2023-02-21 00:00:00','',1),(176,176,'en','Motorcycle','',56,'2023-02-21 00:00:00','','2023-02-21 00:00:00','',1),(177,177,'en','Private car','',57,'2023-02-21 00:00:00','','2023-02-21 00:00:00','',1),(178,178,'en','Motorcycle','',57,'2023-02-21 00:00:00','','2023-02-21 00:00:00','',1),(179,179,'en','Private car','',58,'2023-02-21 00:00:00','','2023-02-21 00:00:00','',1),(180,180,'en','Classic Car','',58,'2023-02-21 00:00:00','','2023-02-21 00:00:00','',1),(181,181,'en','Motorcycle','',58,'2023-02-21 00:00:00','','2023-02-21 00:00:00','',1),(182,182,'en','Private car','',59,'2023-02-21 00:00:00','','2023-02-21 00:00:00','',1),(183,183,'en','Motorcycle','',59,'2023-02-21 00:00:00','','2023-02-21 00:00:00','',1),(184,184,'en','Private car','',60,'2023-02-21 00:00:00','','2023-02-21 00:00:00','',1),(185,185,'en','Motorcycle','',60,'2023-02-21 00:00:00','','2023-02-21 00:00:00','',1),(186,186,'en','Private car','',61,'2023-02-21 00:00:00','','2023-02-21 00:00:00','',1),(187,187,'en','Motorcycle','',61,'2023-02-21 00:00:00','','2023-02-21 00:00:00','',1),(188,188,'en','Private car','',62,'2023-02-21 00:00:00','','2023-02-21 00:00:00','',1),(189,189,'en','Motorcycle','',62,'2023-02-21 00:00:00','','2023-02-21 00:00:00','',1),(190,190,'en','Caterham','',1,'2023-03-07 00:00:00','0',NULL,NULL,1),(191,191,'en','CEVO','',1,'2023-03-07 00:00:00','0',NULL,NULL,1),(192,192,'en','Changan','',1,'2023-03-07 00:00:00','0',NULL,NULL,1),(193,193,'en','Chery','',1,'2023-03-07 00:00:00','0',NULL,NULL,1),(194,194,'en','Chevrolet','',1,'2023-03-07 00:00:00','0',NULL,NULL,1),(195,195,'en','Chrysler','',1,'2023-03-07 00:00:00','0',NULL,NULL,1),(196,196,'en','Citroen','',1,'2023-03-07 00:00:00','0',NULL,NULL,1),(197,197,'en','CMC','',1,'2023-03-07 00:00:00','0',NULL,NULL,1),(198,198,'en','Daewoo','',1,'2023-03-07 00:00:00','0',NULL,NULL,1),(199,199,'en','Daihatsu','',1,'2023-03-07 00:00:00','0',NULL,NULL,1),(200,200,'en','Datsun','',1,'2023-03-07 00:00:00','0',NULL,NULL,1),(201,201,'en','DeLorean','',1,'2023-03-07 00:00:00','0',NULL,NULL,1),(202,202,'en','DFSK','',1,'2023-03-07 00:00:00','0',NULL,NULL,1),(203,203,'en','Dodge','',1,'2023-03-07 00:00:00','0',NULL,NULL,1),(204,204,'en','DongFeng','',1,'2023-03-07 00:00:00','0',NULL,NULL,1),(205,205,'en','Dorcen','',1,'2023-03-07 00:00:00','0',NULL,NULL,1),(206,206,'en','Equus','',1,'2023-03-07 00:00:00','0',NULL,NULL,1),(207,207,'en','Faw','',1,'2023-03-07 00:00:00','0',NULL,NULL,1),(208,208,'en','Fenyr','',1,'2023-03-07 00:00:00','0',NULL,NULL,1),(209,209,'en','Ferrari','',1,'2023-03-07 00:00:00','0',NULL,NULL,1),(210,210,'en','Fiat','',1,'2023-03-07 00:00:00','0',NULL,NULL,1),(211,211,'en','Fisker','',1,'2023-03-07 00:00:00','0',NULL,NULL,1),(212,212,'en','FORCE','',1,'2023-03-07 00:00:00','0',NULL,NULL,1),(213,213,'en','Ford','',1,'2023-03-07 00:00:00','0',NULL,NULL,1),(214,214,'en','Foton','',1,'2023-03-07 00:00:00','0',NULL,NULL,1),(215,215,'en','GAC','',1,'2023-03-07 00:00:00','0',NULL,NULL,1),(216,216,'en','GAC Gonow','',1,'2023-03-07 00:00:00','0',NULL,NULL,1),(217,217,'en','Geely','',1,'2023-03-07 00:00:00','0',NULL,NULL,1),(218,218,'en','Genesis','',1,'2023-03-07 00:00:00','0',NULL,NULL,1),(219,219,'en','GMC','',1,'2023-03-07 00:00:00','0',NULL,NULL,1),(220,220,'en','Grand Tiger','',1,'2023-03-07 00:00:00','0',NULL,NULL,1),(221,221,'en','Great Wall','',1,'2023-03-07 00:00:00','0',NULL,NULL,1),(222,222,'en','Gumpert','',1,'2023-03-07 00:00:00','0',NULL,NULL,1),(223,223,'en','Haval','',1,'2023-03-07 00:00:00','0',NULL,NULL,1),(224,224,'en','HiPhi','',1,'2023-03-07 00:00:00','0',NULL,NULL,1),(225,225,'en','Honda','',1,'2023-03-07 00:00:00','0',NULL,NULL,1),(226,226,'en','Hongqi','',1,'2023-03-07 00:00:00','0',NULL,NULL,1),(227,227,'en','Hummer','',1,'2023-03-07 00:00:00','0',NULL,NULL,1),(228,228,'en','Hyundai','',1,'2023-03-07 00:00:00','0',NULL,NULL,1),(229,229,'en','Infiniti','',1,'2023-03-07 00:00:00','0',NULL,NULL,1),(230,230,'en','International','',1,'2023-03-07 00:00:00','0',NULL,NULL,1),(231,231,'en','Isuzu','',1,'2023-03-07 00:00:00','0',NULL,NULL,1),(232,232,'en','Iveco','',1,'2023-03-07 00:00:00','0',NULL,NULL,1),(233,233,'en','JAC','',1,'2023-03-07 00:00:00','0',NULL,NULL,1),(234,234,'en','Jaguar','',1,'2023-03-07 00:00:00','0',NULL,NULL,1),(235,235,'en','Jeep','',1,'2023-03-07 00:00:00','0',NULL,NULL,1),(236,236,'en','Jetour','',1,'2023-03-07 00:00:00','0',NULL,NULL,1),(237,237,'en','Jinbei','',1,'2023-03-07 00:00:00','0',NULL,NULL,1),(238,238,'en','JMC','',1,'2023-03-07 00:00:00','0',NULL,NULL,1),(239,239,'en','Kia','',1,'2023-03-07 00:00:00','0',NULL,NULL,1),(240,240,'en','King LONG','',1,'2023-03-07 00:00:00','0',NULL,NULL,1),(241,241,'en','Koenigsegg','',1,'2023-03-07 00:00:00','0',NULL,NULL,1),(242,242,'en','KTM','',1,'2023-03-07 00:00:00','0',NULL,NULL,1),(243,243,'en','Lada','',1,'2023-03-07 00:00:00','0',NULL,NULL,1),(244,244,'en','Lamborghini','',1,'2023-03-07 00:00:00','0',NULL,NULL,1),(245,245,'en','Lancia','',1,'2023-03-07 00:00:00','0',NULL,NULL,1),(246,246,'en','Land Rover','',1,'2023-03-07 00:00:00','0',NULL,NULL,1),(247,247,'en','LEVC','',1,'2023-03-07 00:00:00','0',NULL,NULL,1),(248,248,'en','Lexus','',1,'2023-03-07 00:00:00','0',NULL,NULL,1),(249,249,'en','Lincoln','',1,'2023-03-07 00:00:00','0',NULL,NULL,1),(250,250,'en','Lotus','',1,'2023-03-07 00:00:00','0',NULL,NULL,1),(251,251,'en','Luxgen','',1,'2023-03-07 00:00:00','0',NULL,NULL,1),(252,252,'en','Mahindra','',1,'2023-03-07 00:00:00','0',NULL,NULL,1),(253,253,'en','Maserati','',1,'2023-03-07 00:00:00','0',NULL,NULL,1),(254,254,'en','Maxus','',1,'2023-03-07 00:00:00','0',NULL,NULL,1),(255,255,'en','Maybach','',1,'2023-03-07 00:00:00','0',NULL,NULL,1),(256,256,'en','Mazda','',1,'2023-03-07 00:00:00','0',NULL,NULL,1),(257,257,'en','McLaren','',1,'2023-03-07 00:00:00','0',NULL,NULL,1),(258,258,'en','Mercedes-Benz','',1,'2023-03-07 00:00:00','0',NULL,NULL,1),(259,259,'en','Mercedes-Maybach','',1,'2023-03-07 00:00:00','0',NULL,NULL,1),(260,260,'en','Mercury','',1,'2023-03-07 00:00:00','0',NULL,NULL,1),(261,261,'en','MG','',1,'2023-03-07 00:00:00','0',NULL,NULL,1),(262,262,'en','Milan','',1,'2023-03-07 00:00:00','0',NULL,NULL,1),(263,263,'en','MINI','',1,'2023-03-07 00:00:00','0',NULL,NULL,1),(264,264,'en','Mitsubishi','',1,'2023-03-07 00:00:00','0',NULL,NULL,1),(265,265,'en','Morgan','',1,'2023-03-07 00:00:00','0',NULL,NULL,1),(266,266,'en','Morris','',1,'2023-03-07 00:00:00','0',NULL,NULL,1),(267,267,'en','Nio','',1,'2023-03-07 00:00:00','0',NULL,NULL,1),(268,268,'en','Nissan','',1,'2023-03-07 00:00:00','0',NULL,NULL,1),(269,269,'en','Noble','',1,'2023-03-07 00:00:00','0',NULL,NULL,1),(270,270,'en','Opel','',1,'2023-03-07 00:00:00','0',NULL,NULL,1),(271,271,'en','Oullim','',1,'2023-03-07 00:00:00','0',NULL,NULL,1),(272,272,'en','Pagani','',1,'2023-03-07 00:00:00','0',NULL,NULL,1),(273,273,'en','PAL-V','',1,'2023-03-07 00:00:00','0',NULL,NULL,1),(274,274,'en','Peugeot','',1,'2023-03-07 00:00:00','0',NULL,NULL,1),(275,275,'en','PGO','',1,'2023-03-07 00:00:00','0',NULL,NULL,1),(276,276,'en','Polestar','',1,'2023-03-07 00:00:00','0',NULL,NULL,1),(277,277,'en','Pontiac','',1,'2023-03-07 00:00:00','0',NULL,NULL,1),(278,278,'en','Porsche','',1,'2023-03-07 00:00:00','0',NULL,NULL,1),(279,279,'en','Proton','',1,'2023-03-07 00:00:00','0',NULL,NULL,1),(280,280,'en','RAM','',1,'2023-03-07 00:00:00','0',NULL,NULL,1),(281,281,'en','Renault','',1,'2023-03-07 00:00:00','0',NULL,NULL,1),(282,282,'en','Rivian','',1,'2023-03-07 00:00:00','0',NULL,NULL,1),(283,283,'en','Rolls Royce','',1,'2023-03-07 00:00:00','0',NULL,NULL,1),(284,284,'en','Rover','',1,'2023-03-07 00:00:00','0',NULL,NULL,1),(285,285,'en','Saab','',1,'2023-03-07 00:00:00','0',NULL,NULL,1),(286,286,'en','Seat','',1,'2023-03-07 00:00:00','0',NULL,NULL,1),(287,287,'en','Shenlong/Sunlong','',1,'2023-03-07 00:00:00','0',NULL,NULL,1),(288,288,'en','Skoda','',1,'2023-03-07 00:00:00','0',NULL,NULL,1),(289,289,'en','Smart','',1,'2023-03-07 00:00:00','0',NULL,NULL,1),(290,290,'en','Soueast','',1,'2023-03-07 00:00:00','0',NULL,NULL,1),(291,291,'en','Speranza','',1,'2023-03-07 00:00:00','0',NULL,NULL,1),(292,292,'en','Spyker','',1,'2023-03-07 00:00:00','0',NULL,NULL,1),(293,293,'en','Ssang Yong','',1,'2023-03-07 00:00:00','0',NULL,NULL,1),(294,294,'en','Subaru','',1,'2023-03-07 00:00:00','0',NULL,NULL,1),(295,295,'en','Suzuki','',1,'2023-03-07 00:00:00','0',NULL,NULL,1),(296,296,'en','TATA','',1,'2023-03-07 00:00:00','0',NULL,NULL,1),(297,297,'en','Tesla','',1,'2023-03-07 00:00:00','0',NULL,NULL,1),(298,298,'en','Toyota','',1,'2023-03-07 00:00:00','0',NULL,NULL,1),(299,299,'en','UAZ','',1,'2023-03-07 00:00:00','0',NULL,NULL,1),(300,300,'en','Victory','',1,'2023-03-07 00:00:00','0',NULL,NULL,1),(301,301,'en','Volkswagen','',1,'2023-03-07 00:00:00','0',NULL,NULL,1),(302,302,'en','Volvo','',1,'2023-03-07 00:00:00','0',NULL,NULL,1),(303,303,'en','W Motors','',1,'2023-03-07 00:00:00','0',NULL,NULL,1),(304,304,'en','Westfield Sportscars','',1,'2023-03-07 00:00:00','0',NULL,NULL,1),(305,305,'en','Wiesmann','',1,'2023-03-07 00:00:00','0',NULL,NULL,1),(306,306,'en','XPeng','',1,'2023-03-07 00:00:00','0',NULL,NULL,1),(307,307,'en','ZNA','',1,'2023-03-07 00:00:00','0',NULL,NULL,1),(308,308,'en','Zotye','',1,'2023-03-07 00:00:00','0',NULL,NULL,1),(309,309,'en','Fengon','',1,'2023-03-07 00:00:00','0',NULL,NULL,1),(310,310,'en','Lynk & Co','',1,'2023-03-07 00:00:00','0',NULL,NULL,1),(311,311,'en','Mercedes-AMG','',1,'2023-03-07 00:00:00','0',NULL,NULL,1),(312,312,'en','Other Make','',1,'2023-03-07 00:00:00','0',NULL,NULL,1),(313,313,'en','Qiantu','',1,'2023-03-07 00:00:00','0',NULL,NULL,1),(314,314,'en','Studebaker','',1,'2023-03-07 00:00:00','0',NULL,NULL,1),(315,315,'en','TANK','',1,'2023-03-07 00:00:00','0',NULL,NULL,1),(316,316,'en','Triumph','',1,'2023-03-07 00:00:00','0',NULL,NULL,1),(317,317,'en','Voyah','',1,'2023-03-07 00:00:00','0',NULL,NULL,1),(318,318,'en','Zeekr','',1,'2023-03-07 00:00:00','0',NULL,NULL,1),(319,1,'ar','السيارات المستعملة للبيع','',0,'2023-03-08 00:00:00','0',NULL,NULL,1),(320,8,'ar','أبارث','',319,'2023-03-08 00:00:00','0',NULL,NULL,1),(321,9,'ar','أكورا','',319,'2023-03-08 00:00:00','0',NULL,NULL,1),(322,10,'ar','الفا روميو','',319,'2023-03-08 00:00:00','0',NULL,NULL,1),(323,11,'ar','ارييل','',319,'2023-03-08 00:00:00','0',NULL,NULL,1),(324,12,'ar','استون مارتن','',319,'2023-03-08 00:00:00','0',NULL,NULL,1),(325,13,'ar','أودي','',319,'2023-03-08 00:00:00','0',NULL,NULL,1),(326,14,'ar','باك','',319,'2023-03-08 00:00:00','0',NULL,NULL,1),(327,15,'ar','بايك','',319,'2023-03-08 00:00:00','0',NULL,NULL,1),(328,16,'ar','بنتلي','',319,'2023-03-08 00:00:00','0',NULL,NULL,1),(329,17,'ar','بيستون','',319,'2023-03-08 00:00:00','0',NULL,NULL,1),(330,18,'ar','بيزاريني','',319,'2023-03-08 00:00:00','0',NULL,NULL,1),(331,19,'ar','بي ام دبليو','',319,'2023-03-08 00:00:00','0',NULL,NULL,1),(332,20,'ar','بورجوارد','',319,'2023-03-08 00:00:00','0',NULL,NULL,1),(333,21,'ar','تألق','',319,'2023-03-08 00:00:00','0',NULL,NULL,1),(334,22,'ar','بوفوري','',319,'2023-03-08 00:00:00','0',NULL,NULL,1),(335,23,'ar','بوجاتي','',319,'2023-03-08 00:00:00','0',NULL,NULL,1),(336,24,'ar','بويك','',319,'2023-03-08 00:00:00','0',NULL,NULL,1),(337,25,'ar','BYD','',319,'2023-03-08 00:00:00','0',NULL,NULL,1),(338,26,'ar','كاديلاك','',319,'2023-03-08 00:00:00','0',NULL,NULL,1),(339,27,'ar','Can-am','',319,'2023-03-08 00:00:00','0',NULL,NULL,1),(340,190,'ar','كاترهام','',319,'2023-03-08 00:00:00','0',NULL,NULL,1),(341,191,'ar','CEVO','',319,'2023-03-08 00:00:00','0',NULL,NULL,1),(342,192,'ar','تشانجان','',319,'2023-03-08 00:00:00','0',NULL,NULL,1),(343,193,'ar','شيري','',319,'2023-03-08 00:00:00','0',NULL,NULL,1),(344,194,'ar','شيفروليه','',319,'2023-03-08 00:00:00','0',NULL,NULL,1),(345,195,'ar','كرايسلر','',319,'2023-03-08 00:00:00','0',NULL,NULL,1),(346,196,'ar','سيتروين','',319,'2023-03-08 00:00:00','0',NULL,NULL,1),(347,197,'ar','CMC','',319,'2023-03-08 00:00:00','0',NULL,NULL,1),(348,198,'ar','دايو','',319,'2023-03-08 00:00:00','0',NULL,NULL,1),(349,199,'ar','دايهاتسو','',319,'2023-03-08 00:00:00','0',NULL,NULL,1),(350,200,'ar','داتسون','',319,'2023-03-08 00:00:00','0',NULL,NULL,1),(351,201,'ar','ديلوريان','',319,'2023-03-08 00:00:00','0',NULL,NULL,1),(352,202,'ar','DFSK','',319,'2023-03-08 00:00:00','0',NULL,NULL,1),(353,203,'ar','يتملص','',319,'2023-03-08 00:00:00','0',NULL,NULL,1),(354,204,'ar','دونغ فنغ','',319,'2023-03-08 00:00:00','0',NULL,NULL,1),(355,205,'ar','دورسين','',319,'2023-03-08 00:00:00','0',NULL,NULL,1),(356,206,'ar','ايكوس','',319,'2023-03-08 00:00:00','0',NULL,NULL,1),(357,207,'ar','الفاو','',319,'2023-03-08 00:00:00','0',NULL,NULL,1),(358,208,'ar','فينير','',319,'2023-03-08 00:00:00','0',NULL,NULL,1),(359,209,'ar','فيراري','',319,'2023-03-08 00:00:00','0',NULL,NULL,1),(360,210,'ar','فيات','',319,'2023-03-08 00:00:00','0',NULL,NULL,1),(361,211,'ar','فيسكر','',319,'2023-03-08 00:00:00','0',NULL,NULL,1),(362,212,'ar','قوة','',319,'2023-03-08 00:00:00','0',NULL,NULL,1),(363,213,'ar','فورد','',319,'2023-03-08 00:00:00','0',NULL,NULL,1),(364,214,'ar','فوتون','',319,'2023-03-08 00:00:00','0',NULL,NULL,1),(365,215,'ar','GAC','',319,'2023-03-08 00:00:00','0',NULL,NULL,1),(366,216,'ar','GAC Gonow','',319,'2023-03-08 00:00:00','0',NULL,NULL,1),(367,217,'ar','جيلي','',319,'2023-03-08 00:00:00','0',NULL,NULL,1),(368,218,'ar','منشأ','',319,'2023-03-08 00:00:00','0',NULL,NULL,1),(369,219,'ar','GMC','',319,'2023-03-08 00:00:00','0',NULL,NULL,1),(370,220,'ar','جراند تايجر','',319,'2023-03-08 00:00:00','0',NULL,NULL,1),(371,221,'ar','جريت وول','',319,'2023-03-08 00:00:00','0',NULL,NULL,1),(372,222,'ar','جومبيرت','',319,'2023-03-08 00:00:00','0',NULL,NULL,1),(373,223,'ar','هافال','',319,'2023-03-08 00:00:00','0',NULL,NULL,1),(374,224,'ar','HiPhi','',319,'2023-03-08 00:00:00','0',NULL,NULL,1),(375,225,'ar','هوندا','',319,'2023-03-08 00:00:00','0',NULL,NULL,1),(376,226,'ar','هونغ تشي','',319,'2023-03-08 00:00:00','0',NULL,NULL,1),(377,227,'ar','همر','',319,'2023-03-08 00:00:00','0',NULL,NULL,1),(378,228,'ar','هيونداي','',319,'2023-03-08 00:00:00','0',NULL,NULL,1),(379,229,'ar','إنفينيتي','',319,'2023-03-08 00:00:00','0',NULL,NULL,1),(380,230,'ar','دولية','',319,'2023-03-08 00:00:00','0',NULL,NULL,1),(381,231,'ar','ايسوزو','',319,'2023-03-08 00:00:00','0',NULL,NULL,1),(382,232,'ar','إيفيكو','',319,'2023-03-08 00:00:00','0',NULL,NULL,1),(383,233,'ar','JAC','',319,'2023-03-08 00:00:00','0',NULL,NULL,1),(384,234,'ar','جاكوار','',319,'2023-03-08 00:00:00','0',NULL,NULL,1),(385,235,'ar','جيب','',319,'2023-03-08 00:00:00','0',NULL,NULL,1),(386,236,'ar','جيتور','',319,'2023-03-08 00:00:00','0',NULL,NULL,1),(387,237,'ar','جينبي','',319,'2023-03-08 00:00:00','0',NULL,NULL,1),(388,238,'ar','JMC','',319,'2023-03-08 00:00:00','0',NULL,NULL,1),(389,239,'ar','كيا','',319,'2023-03-08 00:00:00','0',NULL,NULL,1),(390,240,'ar','الملك لونغ','',319,'2023-03-08 00:00:00','0',NULL,NULL,1),(391,241,'ar','كوينيجسيج','',319,'2023-03-08 00:00:00','0',NULL,NULL,1),(392,242,'ar','KTM','',319,'2023-03-08 00:00:00','0',NULL,NULL,1),(393,243,'ar','لادا','',319,'2023-03-08 00:00:00','0',NULL,NULL,1),(394,244,'ar','لامبورغيني','',319,'2023-03-08 00:00:00','0',NULL,NULL,1),(395,245,'ar','لانسيا','',319,'2023-03-08 00:00:00','0',NULL,NULL,1),(396,246,'ar','لاند روفر','',319,'2023-03-08 00:00:00','0',NULL,NULL,1),(397,247,'ar','LEVC','',319,'2023-03-08 00:00:00','0',NULL,NULL,1),(398,248,'ar','لكزس','',319,'2023-03-08 00:00:00','0',NULL,NULL,1),(399,249,'ar','لينكولن','',319,'2023-03-08 00:00:00','0',NULL,NULL,1),(400,250,'ar','لوتس','',319,'2023-03-08 00:00:00','0',NULL,NULL,1),(401,251,'ar','لوكسجن','',319,'2023-03-08 00:00:00','0',NULL,NULL,1),(402,252,'ar','ماهيندرا','',319,'2023-03-08 00:00:00','0',NULL,NULL,1),(403,253,'ar','مازيراتي','',319,'2023-03-08 00:00:00','0',NULL,NULL,1),(404,254,'ar','ماكسوس','',319,'2023-03-08 00:00:00','0',NULL,NULL,1),(405,255,'ar','مايباخ','',319,'2023-03-08 00:00:00','0',NULL,NULL,1),(406,256,'ar','مازدا','',319,'2023-03-08 00:00:00','0',NULL,NULL,1),(407,257,'ar','ماكلارين','',319,'2023-03-08 00:00:00','0',NULL,NULL,1),(408,258,'ar','مرسيدس بنز','',319,'2023-03-08 00:00:00','0',NULL,NULL,1),(409,259,'ar','مرسيدس مايباخ','',319,'2023-03-08 00:00:00','0',NULL,NULL,1),(410,260,'ar','ميركوري','',319,'2023-03-08 00:00:00','0',NULL,NULL,1),(411,261,'ar','MG','',319,'2023-03-08 00:00:00','0',NULL,NULL,1),(412,262,'ar','ميلان','',319,'2023-03-08 00:00:00','0',NULL,NULL,1),(413,263,'ar','MINI','',319,'2023-03-08 00:00:00','0',NULL,NULL,1),(414,264,'ar','ميتسوبيشي','',319,'2023-03-08 00:00:00','0',NULL,NULL,1),(415,265,'ar','مورغان','',319,'2023-03-08 00:00:00','0',NULL,NULL,1),(416,266,'ar','موريس','',319,'2023-03-08 00:00:00','0',NULL,NULL,1),(417,267,'ar','نيو','',319,'2023-03-08 00:00:00','0',NULL,NULL,1),(418,268,'ar','نيسان','',319,'2023-03-08 00:00:00','0',NULL,NULL,1),(419,269,'ar','النبيل','',319,'2023-03-08 00:00:00','0',NULL,NULL,1),(420,270,'ar','أوبل','',319,'2023-03-08 00:00:00','0',NULL,NULL,1),(421,271,'ar','اوليم','',319,'2023-03-08 00:00:00','0',NULL,NULL,1),(422,272,'ar','باجاني','',319,'2023-03-08 00:00:00','0',NULL,NULL,1),(423,273,'ar','PAL-V','',319,'2023-03-08 00:00:00','0',NULL,NULL,1),(424,274,'ar','بيجو','',319,'2023-03-08 00:00:00','0',NULL,NULL,1),(425,275,'ar','PGO','',319,'2023-03-08 00:00:00','0',NULL,NULL,1),(426,276,'ar','بولستار','',319,'2023-03-08 00:00:00','0',NULL,NULL,1),(427,277,'ar','بونتياك','',319,'2023-03-08 00:00:00','0',NULL,NULL,1),(428,278,'ar','بورش','',319,'2023-03-08 00:00:00','0',NULL,NULL,1),(429,279,'ar','بروتون','',319,'2023-03-08 00:00:00','0',NULL,NULL,1),(430,280,'ar','RAM','',319,'2023-03-08 00:00:00','0',NULL,NULL,1),(431,281,'ar','رينو','',319,'2023-03-08 00:00:00','0',NULL,NULL,1),(432,282,'ar','ريفيان','',319,'2023-03-08 00:00:00','0',NULL,NULL,1),(433,283,'ar','رولزرويس','',319,'2023-03-08 00:00:00','0',NULL,NULL,1),(434,284,'ar','روفر','',319,'2023-03-08 00:00:00','0',NULL,NULL,1),(435,285,'ar','صعب','',319,'2023-03-08 00:00:00','0',NULL,NULL,1),(436,286,'ar','مقعد','',319,'2023-03-08 00:00:00','0',NULL,NULL,1),(437,287,'ar','Shenlong/Sunlong','',319,'2023-03-08 00:00:00','0',NULL,NULL,1),(438,288,'ar','سكودا','',319,'2023-03-08 00:00:00','0',NULL,NULL,1),(439,289,'ar','الذكية','',319,'2023-03-08 00:00:00','0',NULL,NULL,1),(440,290,'ar','ساويست','',319,'2023-03-08 00:00:00','0',NULL,NULL,1),(441,291,'ar','اسبيرانزا','',319,'2023-03-08 00:00:00','0',NULL,NULL,1),(442,292,'ar','سبايكر','',319,'2023-03-08 00:00:00','0',NULL,NULL,1),(443,293,'ar','سانج يونج','',319,'2023-03-08 00:00:00','0',NULL,NULL,1),(444,294,'ar','سوبارو','',319,'2023-03-08 00:00:00','0',NULL,NULL,1),(445,295,'ar','سوزوكي','',319,'2023-03-08 00:00:00','0',NULL,NULL,1),(446,296,'ar','تاتا','',319,'2023-03-08 00:00:00','0',NULL,NULL,1),(447,297,'ar','تسلا','',319,'2023-03-08 00:00:00','0',NULL,NULL,1),(448,298,'ar','تويوتا','',319,'2023-03-08 00:00:00','0',NULL,NULL,1),(449,299,'ar','UAZ','',319,'2023-03-08 00:00:00','0',NULL,NULL,1),(450,300,'ar','النصر','',319,'2023-03-08 00:00:00','0',NULL,NULL,1),(451,301,'ar','فولكس فاجن','',319,'2023-03-08 00:00:00','0',NULL,NULL,1),(452,302,'ar','فولفو','',319,'2023-03-08 00:00:00','0',NULL,NULL,1),(453,303,'ar','دبليو موتورز','',319,'2023-03-08 00:00:00','0',NULL,NULL,1),(454,304,'ar','سبورتسكارز','',319,'2023-03-08 00:00:00','0',NULL,NULL,1),(455,305,'ar','وايزمان','',319,'2023-03-08 00:00:00','0',NULL,NULL,1),(456,306,'ar','XPeng','',319,'2023-03-08 00:00:00','0',NULL,NULL,1),(457,307,'ar','ZNA','',319,'2023-03-08 00:00:00','0',NULL,NULL,1),(458,308,'ar','زوتي','',319,'2023-03-08 00:00:00','0',NULL,NULL,1),(459,309,'ar','فنغون','',319,'2023-03-08 00:00:00','0',NULL,NULL,1),(460,310,'ar','لينك وشركاه','',319,'2023-03-08 00:00:00','0',NULL,NULL,1),(461,311,'ar','مرسيدس- AMG','',319,'2023-03-08 00:00:00','0',NULL,NULL,1),(462,312,'ar','نوع آخر','',319,'2023-03-08 00:00:00','0',NULL,NULL,1),(463,313,'ar','كيانتو','',319,'2023-03-08 00:00:00','0',NULL,NULL,1),(464,314,'ar','ستوديبيكر','',319,'2023-03-08 00:00:00','0',NULL,NULL,1),(465,315,'ar','خزان','',319,'2023-03-08 00:00:00','0',NULL,NULL,1),(466,316,'ar','انتصار','',319,'2023-03-08 00:00:00','0',NULL,NULL,1),(467,317,'ar','فوياه','',319,'2023-03-08 00:00:00','0',NULL,NULL,1),(468,318,'ar','زكر','',319,'2023-03-08 00:00:00','0',NULL,NULL,1);

/*Table structure for table `categories_attributes` */

CREATE TABLE `categories_attributes` (
  `attribute_id` int(100) NOT NULL AUTO_INCREMENT,
  `attribute_id_sal` int(100) DEFAULT NULL,
  `language` varchar(100) DEFAULT NULL,
  `category_id` int(100) DEFAULT NULL,
  `name` varchar(1000) DEFAULT NULL,
  `element_type` varchar(1000) DEFAULT NULL,
  `description` varchar(1000) DEFAULT NULL,
  `icon_image_path` varchar(1000) DEFAULT NULL,
  `created_at` datetime DEFAULT NULL,
  `created_by` text CHARACTER SET latin1,
  `updated_at` datetime DEFAULT NULL,
  `updated_by` text CHARACTER SET latin1,
  PRIMARY KEY (`attribute_id`)
) ENGINE=InnoDB AUTO_INCREMENT=244 DEFAULT CHARSET=utf8;

/*Data for the table `categories_attributes` */

insert  into `categories_attributes`(`attribute_id`,`attribute_id_sal`,`language`,`category_id`,`name`,`element_type`,`description`,`icon_image_path`,`created_at`,`created_by`,`updated_at`,`updated_by`) values (1,1,'en',1,'Make','Dropdown','','resources/images/make.jpeg','2023-02-09 00:00:00','','2023-02-09 00:00:00',''),(2,2,'en',1,'Model','Text','','resources/images/model.png','2023-02-09 00:00:00','','2023-02-09 00:00:00',''),(3,3,'en',1,'Trim','Dropdown','','resources/images/trim.jpeg','2023-02-09 00:00:00','','2023-02-09 00:00:00',''),(4,4,'en',1,'Regional Spec','Dropdown','','resources/images/specs.jpeg','2023-02-09 00:00:00','','2023-02-09 00:00:00',''),(5,5,'en',1,'Year','Dropdown','','resources/images/year.jpeg','2023-02-09 00:00:00','','2023-02-09 00:00:00',''),(6,6,'en',1,'Kilometers','Number','','resources/images/kilometers.jpeg','2023-02-09 00:00:00','','2023-02-09 00:00:00',''),(7,7,'en',1,'Insured','Dropdown','',NULL,'2023-02-09 00:00:00','','2023-02-09 00:00:00',''),(8,8,'en',1,'Fuel Type','Dropdown','',NULL,'2023-02-09 00:00:00','','2023-02-09 00:00:00',''),(9,9,'en',1,'Body Condition','Dropdown','',NULL,'2023-02-09 00:00:00','','2023-02-09 00:00:00',''),(10,10,'en',1,'Mechanical Condition','Dropdown','',NULL,'2023-02-09 00:00:00','','2023-02-09 00:00:00',''),(11,11,'en',1,'Exterior Color','Dropdown','',NULL,'2023-02-09 00:00:00','','2023-02-09 00:00:00',''),(12,12,'en',1,'Interior Color','Dropdown','',NULL,'2023-02-09 00:00:00','','2023-02-09 00:00:00',''),(13,13,'en',1,'Doors','Dropdown','',NULL,'2023-02-09 00:00:00','','2023-02-09 00:00:00',''),(14,14,'en',1,'No. of Cylinders','Dropdown','',NULL,'2023-02-09 00:00:00','','2023-02-09 00:00:00',''),(15,15,'en',1,'Transmission','Dropdown','',NULL,'2023-02-09 00:00:00','','2023-02-09 00:00:00',''),(16,16,'en',1,'Body Type','Dropdown','',NULL,'2023-02-09 00:00:00','','2023-02-09 00:00:00',''),(17,17,'en',1,'HP','Dropdown','',NULL,'2023-02-09 00:00:00','','2023-02-09 00:00:00',''),(18,18,'en',1,'Steering Side','Dropdown','',NULL,'2023-02-09 00:00:00','','2023-02-09 00:00:00',''),(19,19,'en',2,'Usage','Dropdown','',NULL,'2023-02-09 00:00:00','','2023-02-09 00:00:00',''),(20,20,'en',2,'Kilometers','Number','','resources/images/kilometers.jpeg','2023-02-09 00:00:00','','2023-02-09 00:00:00',''),(21,21,'en',2,'Year','Dropdown','','resources/images/year.jpeg','2023-02-09 00:00:00','','2023-02-09 00:00:00',''),(22,22,'en',2,'Seller Type','Dropdown','',NULL,'2023-02-09 00:00:00','','2023-02-09 00:00:00',''),(23,23,'en',2,'Warranty','Dropdown','','resources/images/warranty.jpeg','2023-02-09 00:00:00','','2023-02-09 00:00:00',''),(24,24,'en',2,'Final Drive System','Dropdown','',NULL,'2023-02-09 00:00:00','','2023-02-09 00:00:00',''),(25,25,'en',2,'Wheels','Dropdown','',NULL,'2023-02-09 00:00:00','','2023-02-09 00:00:00',''),(26,26,'en',2,'Manufacturer','Dropdown','',NULL,'2023-02-09 00:00:00','','2023-02-09 00:00:00',''),(27,27,'en',2,'Engine Size','Dropdown','',NULL,'2023-02-09 00:00:00','','2023-02-09 00:00:00',''),(28,28,'en',3,'Usage','Dropdown','',NULL,'2023-02-09 00:00:00','','2023-02-09 00:00:00',''),(29,29,'en',3,'Condition','Dropdown','',NULL,'2023-02-09 00:00:00','0','2023-02-21 10:35:45','0'),(30,30,'en',3,'Seller Type','Dropdown','',NULL,'2023-02-09 00:00:00','','2023-02-09 00:00:00',''),(31,31,'en',41,'All Motorcycles','Boolean','',NULL,'2023-02-09 00:00:00','','2023-02-09 00:00:00',''),(32,32,'en',41,'Bajaj','Boolean','',NULL,'2023-02-09 00:00:00','','2023-02-09 00:00:00',''),(33,33,'en',41,'BMW Motorcycle','Boolean','',NULL,'2023-02-09 00:00:00','','2023-02-09 00:00:00',''),(34,34,'en',41,'Ducati','Boolean','',NULL,'2023-02-09 00:00:00','','2023-02-09 00:00:00',''),(35,35,'en',41,'Harley Davidson','Boolean','',NULL,'2023-02-09 00:00:00','','2023-02-09 00:00:00',''),(36,36,'en',41,'Honda Motorcycle','Boolean','',NULL,'2023-02-09 00:00:00','','2023-02-09 00:00:00',''),(37,37,'en',41,'Kawasaki','Boolean','',NULL,'2023-02-09 00:00:00','','2023-02-09 00:00:00',''),(38,38,'en',41,'KTM','Boolean','',NULL,'2023-02-09 00:00:00','','2023-02-09 00:00:00',''),(39,39,'en',41,'Suzuki Motorcycle','Boolean','',NULL,'2023-02-09 00:00:00','','2023-02-09 00:00:00',''),(40,40,'en',41,'Triumph','Boolean','',NULL,'2023-02-09 00:00:00','','2023-02-09 00:00:00',''),(41,41,'en',41,'Yamaha','Boolean','',NULL,'2023-02-09 00:00:00','','2023-02-09 00:00:00',''),(42,42,'en',41,'Other Motorcycle Manufacturer','Boolean','',NULL,'2023-02-09 00:00:00','','2023-02-09 00:00:00',''),(43,43,'en',43,'All Boats Types','Boolean','',NULL,'2023-02-09 00:00:00','','2023-02-09 00:00:00',''),(44,44,'en',43,'Inboard Motor Boats','Boolean','',NULL,'2023-02-09 00:00:00','','2023-02-09 00:00:00',''),(45,45,'en',43,'Outboard Motor Boats','Boolean','',NULL,'2023-02-09 00:00:00','','2023-02-09 00:00:00',''),(46,46,'en',43,'Row/Paddle Boats','Boolean','',NULL,'2023-02-09 00:00:00','','2023-02-09 00:00:00',''),(47,47,'en',43,'Sailboats','Boolean','',NULL,'2023-02-09 00:00:00','','2023-02-09 00:00:00',''),(48,48,'en',43,'Other Boat Type','Boolean','',NULL,'2023-02-09 00:00:00','','2023-02-09 00:00:00',''),(49,49,'en',4,'Fuel Type','Dropdown','',NULL,'2023-02-09 00:00:00','','2023-02-09 00:00:00',''),(50,50,'en',4,'Kilometers','Number','','resources/images/kilometers.jpeg','2023-02-09 00:00:00','','2023-02-09 00:00:00',''),(51,51,'en',4,'Body condition','Dropdown','',NULL,'2023-02-09 00:00:00','0','2023-02-21 10:34:48','0'),(52,52,'en',4,'Mechanical condition','Dropdown','',NULL,'2023-02-09 00:00:00','','2023-02-09 00:00:00',''),(53,53,'en',4,'Year','Dropdown','','resources/images/year.jpeg','2023-02-09 00:00:00','','2023-02-09 00:00:00',''),(54,54,'en',4,'Seller Type','Dropdown','',NULL,'2023-02-09 00:00:00','','2023-02-09 00:00:00',''),(55,55,'en',4,'Warranty','Dropdown','','resources/images/warranty.jpeg','2023-02-09 00:00:00','','2023-02-09 00:00:00',''),(56,56,'en',4,'No. of cylinders','Dropdown','',NULL,'2023-02-09 00:00:00','','2023-02-09 00:00:00',''),(57,57,'en',4,'Model','Text','',NULL,'2023-02-09 00:00:00','','2023-02-09 00:00:00',''),(58,58,'en',4,'Make','Text','',NULL,'2023-02-09 00:00:00','','2023-02-09 00:00:00',''),(59,59,'en',4,'Capacity','Text','',NULL,'2023-02-09 00:00:00','','2023-02-09 00:00:00',''),(60,60,'en',4,'Horsepower','Dropdown','',NULL,'2023-02-09 00:00:00','','2023-02-09 00:00:00',''),(61,61,'en',5,'Age','Dropdown','',NULL,'2023-02-09 00:00:00','','2023-02-09 00:00:00',''),(62,62,'en',5,'Usage','Dropdown','',NULL,'2023-02-09 00:00:00','','2023-02-09 00:00:00',''),(63,63,'en',5,'Condition','Dropdown','',NULL,'2023-02-09 00:00:00','','2023-02-09 00:00:00',''),(64,64,'en',5,'Seller Type','Dropdown','',NULL,'2023-02-09 00:00:00','','2023-02-09 00:00:00',''),(65,65,'en',5,'Warranty','Dropdown','','resources/images/warranty.jpeg','2023-02-09 00:00:00','','2023-02-09 00:00:00',''),(66,66,'en',5,'Length','Dropdown','',NULL,'2023-02-09 00:00:00','','2023-02-09 00:00:00',''),(67,67,'en',1,'Warranty','Dropdown','','resources/images/warranty.jpeg','0000-00-00 00:00:00','','0000-00-00 00:00:00',''),(69,69,'en',1,'Climate Control','Boolean','',NULL,'0000-00-00 00:00:00','','0000-00-00 00:00:00',''),(70,70,'en',1,'Cooled Seats','Boolean','',NULL,'0000-00-00 00:00:00','','0000-00-00 00:00:00',''),(71,71,'en',1,'DVD Player','Boolean','',NULL,'0000-00-00 00:00:00','','0000-00-00 00:00:00',''),(72,72,'en',1,'Front Wheel Drive','Boolean','',NULL,'0000-00-00 00:00:00','','0000-00-00 00:00:00',''),(73,73,'en',1,'Keyless Entry','Boolean','',NULL,'0000-00-00 00:00:00','','0000-00-00 00:00:00',''),(74,74,'en',1,'Leather Seats','Boolean','',NULL,'0000-00-00 00:00:00','','0000-00-00 00:00:00',''),(75,75,'en',1,'Navigation System','Boolean','',NULL,'0000-00-00 00:00:00','','0000-00-00 00:00:00',''),(76,76,'en',1,'Parking Sensors','Boolean','',NULL,'0000-00-00 00:00:00','','0000-00-00 00:00:00',''),(77,77,'en',1,'Premium Sound System','Boolean','',NULL,'0000-00-00 00:00:00','','0000-00-00 00:00:00',''),(78,78,'en',1,'Rear View Camera','Boolean','',NULL,'0000-00-00 00:00:00','','0000-00-00 00:00:00',''),(79,79,'en',1,'All Wheel Steering','Boolean','',NULL,'0000-00-00 00:00:00','','0000-00-00 00:00:00',''),(80,80,'en',1,'AM/FM Radio','Boolean','',NULL,'0000-00-00 00:00:00','','0000-00-00 00:00:00',''),(81,81,'en',1,'Anti-Lock Brakes/ABS','Boolean','',NULL,'0000-00-00 00:00:00','','0000-00-00 00:00:00',''),(82,82,'en',1,'Aux Audio In','Boolean','',NULL,'0000-00-00 00:00:00','','0000-00-00 00:00:00',''),(83,83,'en',1,'Bluetooth System','Boolean','',NULL,'0000-00-00 00:00:00','','0000-00-00 00:00:00',''),(84,84,'en',1,'Body Kit','Boolean','',NULL,'0000-00-00 00:00:00','','0000-00-00 00:00:00',''),(85,85,'en',1,'Brush Guard','Boolean','',NULL,'0000-00-00 00:00:00','','0000-00-00 00:00:00',''),(86,86,'en',1,'Cassette Player','Boolean','',NULL,'0000-00-00 00:00:00','','0000-00-00 00:00:00',''),(87,87,'en',1,'CD Player','Boolean','',NULL,'0000-00-00 00:00:00','','0000-00-00 00:00:00',''),(88,88,'en',1,'Cruise Control','Boolean','',NULL,'0000-00-00 00:00:00','','0000-00-00 00:00:00',''),(89,89,'en',1,'Dual Exhaust','Boolean','',NULL,'0000-00-00 00:00:00','','0000-00-00 00:00:00',''),(90,90,'en',1,'Fog Lights','Boolean','',NULL,'0000-00-00 00:00:00','','0000-00-00 00:00:00',''),(91,91,'en',1,'Front Airbags','Boolean','',NULL,'0000-00-00 00:00:00','','0000-00-00 00:00:00',''),(92,92,'en',1,'Heat','Boolean','',NULL,'0000-00-00 00:00:00','','0000-00-00 00:00:00',''),(93,93,'en',1,'Heated Seats','Boolean','',NULL,'0000-00-00 00:00:00','','0000-00-00 00:00:00',''),(94,94,'en',1,'Keyless Start','Boolean','',NULL,'0000-00-00 00:00:00','','0000-00-00 00:00:00',''),(95,95,'en',1,'Moonroof','Boolean','',NULL,'0000-00-00 00:00:00','','0000-00-00 00:00:00',''),(96,96,'en',1,'N2O System','Boolean','',NULL,'0000-00-00 00:00:00','','0000-00-00 00:00:00',''),(97,97,'en',1,'Off-Road Kit','Boolean','',NULL,'0000-00-00 00:00:00','','0000-00-00 00:00:00',''),(98,98,'en',1,'Off-Road Tyres','Boolean','',NULL,'0000-00-00 00:00:00','','0000-00-00 00:00:00',''),(99,99,'en',1,'Performance Tyres','Boolean','',NULL,'0000-00-00 00:00:00','','0000-00-00 00:00:00',''),(100,100,'en',1,'Power Locks','Boolean','',NULL,'0000-00-00 00:00:00','','0000-00-00 00:00:00',''),(101,101,'en',1,'Power Mirrors','Boolean','',NULL,'0000-00-00 00:00:00','','0000-00-00 00:00:00',''),(102,102,'en',1,'Power Seats','Boolean','',NULL,'0000-00-00 00:00:00','','0000-00-00 00:00:00',''),(103,103,'en',1,'Power Steering','Boolean','',NULL,'0000-00-00 00:00:00','','0000-00-00 00:00:00',''),(104,104,'en',1,'Power Sunroof','Boolean','',NULL,'0000-00-00 00:00:00','','0000-00-00 00:00:00',''),(105,105,'en',1,'Power Windows','Boolean','',NULL,'0000-00-00 00:00:00','','0000-00-00 00:00:00',''),(106,106,'en',1,'Premium Lights','Boolean','',NULL,'0000-00-00 00:00:00','','0000-00-00 00:00:00',''),(107,107,'en',1,'Premium Paint','Boolean','',NULL,'0000-00-00 00:00:00','','0000-00-00 00:00:00',''),(108,108,'en',1,'Premium Wheels/Rims','Boolean','',NULL,'0000-00-00 00:00:00','','0000-00-00 00:00:00',''),(109,109,'en',1,'Racing Seats','Boolean','',NULL,'0000-00-00 00:00:00','','0000-00-00 00:00:00',''),(110,110,'en',1,'Rear Wheel Drive','Boolean','',NULL,'0000-00-00 00:00:00','','0000-00-00 00:00:00',''),(111,111,'en',1,'Roof Rack','Boolean','',NULL,'0000-00-00 00:00:00','','0000-00-00 00:00:00',''),(112,112,'en',1,'Satellite Radio','Boolean','',NULL,'0000-00-00 00:00:00','','0000-00-00 00:00:00',''),(113,113,'en',1,'Side Airbags','Boolean','',NULL,'0000-00-00 00:00:00','','0000-00-00 00:00:00',''),(114,114,'en',1,'Spoiler','Boolean','',NULL,'0000-00-00 00:00:00','','0000-00-00 00:00:00',''),(115,115,'en',1,'Sunroof','Boolean','',NULL,'0000-00-00 00:00:00','','0000-00-00 00:00:00',''),(116,116,'en',1,'Tiptronic Gears','Boolean','',NULL,'0000-00-00 00:00:00','','0000-00-00 00:00:00',''),(117,117,'en',1,'4 Wheel Drive','Boolean','',NULL,'0000-00-00 00:00:00','','0000-00-00 00:00:00',''),(118,118,'en',1,'Air Conditioning','Boolean','',NULL,'0000-00-00 00:00:00','','0000-00-00 00:00:00',''),(119,119,'en',1,'Alarm/Anti-Theft System','Boolean','',NULL,'0000-00-00 00:00:00','','0000-00-00 00:00:00',''),(120,120,'en',1,'All Wheel Drive','Boolean','',NULL,'0000-00-00 00:00:00','','0000-00-00 00:00:00',''),(121,121,'en',1,'VHS Player','Boolean','',NULL,'0000-00-00 00:00:00','','0000-00-00 00:00:00',''),(122,122,'en',1,'Winch','Boolean','',NULL,'0000-00-00 00:00:00','','0000-00-00 00:00:00',''),(123,1,'ar',319,'يصنع','Dropdown','','resources/images/make.jpeg','2023-02-09 00:00:00','','2023-02-09 00:00:00',''),(124,2,'ar',319,'نموذج\r\n','Text','','resources/images/model.png','2023-02-09 00:00:00','','2023-02-09 00:00:00',''),(125,3,'ar',319,'تقليم\r\n','Dropdown','','resources/images/trim.jpeg','2023-02-09 00:00:00','','2023-02-09 00:00:00',''),(126,4,'ar',319,'المواصفات الإقليمية\r\n','Dropdown','','resources/images/specs.jpeg','2023-02-09 00:00:00','','2023-02-09 00:00:00',''),(127,5,'ar',319,'سنة','Dropdown','','resources/images/year.jpeg','2023-02-09 00:00:00','','2023-02-09 00:00:00',''),(128,6,'ar',319,'كيلومترات','Number','','resources/images/kilometers.jpeg','2023-02-09 00:00:00','','2023-02-09 00:00:00',''),(129,7,'ar',319,'مؤمن عليه\r\n','Dropdown','',NULL,'2023-02-09 00:00:00','','2023-02-09 00:00:00',''),(130,8,'ar',319,'نوع الوقود\r\n','Dropdown','',NULL,'2023-02-09 00:00:00','','2023-02-09 00:00:00',''),(131,9,'ar',319,'حالة الجسم\r\n','Dropdown','',NULL,'2023-02-09 00:00:00','','2023-02-09 00:00:00',''),(132,10,'ar',319,'الحالة الميكانيكية\r\n','Dropdown','',NULL,'2023-02-09 00:00:00','','2023-02-09 00:00:00',''),(133,11,'ar',319,'اللون الخارجي\r\n','Dropdown','',NULL,'2023-02-09 00:00:00','','2023-02-09 00:00:00',''),(134,12,'ar',319,'اللون الداخلي\r\n','Dropdown','',NULL,'2023-02-09 00:00:00','','2023-02-09 00:00:00',''),(135,13,'ar',319,'أبواب\r\n','Dropdown','',NULL,'2023-02-09 00:00:00','','2023-02-09 00:00:00',''),(136,14,'ar',319,'عدد الاسطوانات\r\n','Dropdown','',NULL,'2023-02-09 00:00:00','','2023-02-09 00:00:00',''),(137,15,'ar',319,'الانتقال\r\n','Dropdown','',NULL,'2023-02-09 00:00:00','','2023-02-09 00:00:00',''),(138,16,'ar',319,'نوع الجسم\r\n','Dropdown','',NULL,'2023-02-09 00:00:00','','2023-02-09 00:00:00',''),(139,17,'ar',319,'قوة حصان\r\n','Dropdown','',NULL,'2023-02-09 00:00:00','','2023-02-09 00:00:00',''),(140,18,'ar',319,'جانب التوجيه\r\n','Dropdown','',NULL,'2023-02-09 00:00:00','','2023-02-09 00:00:00',''),(141,19,'ar',2,'Usage','Dropdown','',NULL,'2023-02-09 00:00:00','','2023-02-09 00:00:00',''),(142,20,'ar',2,'Kilometers','Number','','resources/images/kilometers.jpeg','2023-02-09 00:00:00','','2023-02-09 00:00:00',''),(143,21,'ar',2,'Year','Dropdown','','resources/images/year.jpeg','2023-02-09 00:00:00','','2023-02-09 00:00:00',''),(144,22,'ar',2,'Seller Type','Dropdown','',NULL,'2023-02-09 00:00:00','','2023-02-09 00:00:00',''),(145,23,'ar',2,'Warranty','Dropdown','','resources/images/warranty.jpeg','2023-02-09 00:00:00','','2023-02-09 00:00:00',''),(146,24,'ar',2,'Final Drive System','Dropdown','',NULL,'2023-02-09 00:00:00','','2023-02-09 00:00:00',''),(147,25,'ar',2,'Wheels','Dropdown','',NULL,'2023-02-09 00:00:00','','2023-02-09 00:00:00',''),(148,26,'ar',2,'Manufacturer','Dropdown','',NULL,'2023-02-09 00:00:00','','2023-02-09 00:00:00',''),(149,27,'ar',2,'Engine Size','Dropdown','',NULL,'2023-02-09 00:00:00','','2023-02-09 00:00:00',''),(150,28,'ar',3,'Usage','Dropdown','',NULL,'2023-02-09 00:00:00','','2023-02-09 00:00:00',''),(151,29,'ar',3,'Condition','Dropdown','',NULL,'2023-02-09 00:00:00','0','2023-02-21 10:35:45','0'),(152,30,'ar',3,'Seller Type','Dropdown','',NULL,'2023-02-09 00:00:00','','2023-02-09 00:00:00',''),(153,31,'ar',41,'All Motorcycles','Boolean','',NULL,'2023-02-09 00:00:00','','2023-02-09 00:00:00',''),(154,32,'ar',41,'Bajaj','Boolean','',NULL,'2023-02-09 00:00:00','','2023-02-09 00:00:00',''),(155,33,'ar',41,'BMW Motorcycle','Boolean','',NULL,'2023-02-09 00:00:00','','2023-02-09 00:00:00',''),(156,34,'ar',41,'Ducati','Boolean','',NULL,'2023-02-09 00:00:00','','2023-02-09 00:00:00',''),(157,35,'ar',41,'Harley Davidson','Boolean','',NULL,'2023-02-09 00:00:00','','2023-02-09 00:00:00',''),(158,36,'ar',41,'Honda Motorcycle','Boolean','',NULL,'2023-02-09 00:00:00','','2023-02-09 00:00:00',''),(159,37,'ar',41,'Kawasaki','Boolean','',NULL,'2023-02-09 00:00:00','','2023-02-09 00:00:00',''),(160,38,'ar',41,'KTM','Boolean','',NULL,'2023-02-09 00:00:00','','2023-02-09 00:00:00',''),(161,39,'ar',41,'Suzuki Motorcycle','Boolean','',NULL,'2023-02-09 00:00:00','','2023-02-09 00:00:00',''),(162,40,'ar',41,'Triumph','Boolean','',NULL,'2023-02-09 00:00:00','','2023-02-09 00:00:00',''),(163,41,'ar',41,'Yamaha','Boolean','',NULL,'2023-02-09 00:00:00','','2023-02-09 00:00:00',''),(164,42,'ar',41,'Other Motorcycle Manufacturer','Boolean','',NULL,'2023-02-09 00:00:00','','2023-02-09 00:00:00',''),(165,43,'ar',43,'All Boats Types','Boolean','',NULL,'2023-02-09 00:00:00','','2023-02-09 00:00:00',''),(166,44,'ar',43,'Inboard Motor Boats','Boolean','',NULL,'2023-02-09 00:00:00','','2023-02-09 00:00:00',''),(167,45,'ar',43,'Outboard Motor Boats','Boolean','',NULL,'2023-02-09 00:00:00','','2023-02-09 00:00:00',''),(168,46,'ar',43,'Row/Paddle Boats','Boolean','',NULL,'2023-02-09 00:00:00','','2023-02-09 00:00:00',''),(169,47,'ar',43,'Sailboats','Boolean','',NULL,'2023-02-09 00:00:00','','2023-02-09 00:00:00',''),(170,48,'ar',43,'Other Boat Type','Boolean','',NULL,'2023-02-09 00:00:00','','2023-02-09 00:00:00',''),(171,49,'ar',4,'Fuel Type','Dropdown','',NULL,'2023-02-09 00:00:00','','2023-02-09 00:00:00',''),(172,50,'ar',4,'Kilometers','Number','','resources/images/kilometers.jpeg','2023-02-09 00:00:00','','2023-02-09 00:00:00',''),(173,51,'ar',4,'Body condition','Dropdown','',NULL,'2023-02-09 00:00:00','0','2023-02-21 10:34:48','0'),(174,52,'ar',4,'Mechanical condition','Dropdown','',NULL,'2023-02-09 00:00:00','','2023-02-09 00:00:00',''),(175,53,'ar',4,'Year','Dropdown','','resources/images/year.jpeg','2023-02-09 00:00:00','','2023-02-09 00:00:00',''),(176,54,'ar',4,'Seller Type','Dropdown','',NULL,'2023-02-09 00:00:00','','2023-02-09 00:00:00',''),(177,55,'ar',4,'Warranty','Dropdown','','resources/images/warranty.jpeg','2023-02-09 00:00:00','','2023-02-09 00:00:00',''),(178,56,'ar',4,'No. of cylinders','Dropdown','',NULL,'2023-02-09 00:00:00','','2023-02-09 00:00:00',''),(179,57,'ar',4,'Model','Text','',NULL,'2023-02-09 00:00:00','','2023-02-09 00:00:00',''),(180,58,'ar',4,'Make','Text','',NULL,'2023-02-09 00:00:00','','2023-02-09 00:00:00',''),(181,59,'ar',4,'Capacity','Text','',NULL,'2023-02-09 00:00:00','','2023-02-09 00:00:00',''),(182,60,'ar',4,'Horsepower','Dropdown','',NULL,'2023-02-09 00:00:00','','2023-02-09 00:00:00',''),(183,61,'ar',5,'Age','Dropdown','',NULL,'2023-02-09 00:00:00','','2023-02-09 00:00:00',''),(184,62,'ar',5,'Usage','Dropdown','',NULL,'2023-02-09 00:00:00','','2023-02-09 00:00:00',''),(185,63,'ar',5,'Condition','Dropdown','',NULL,'2023-02-09 00:00:00','','2023-02-09 00:00:00',''),(186,64,'ar',5,'Seller Type','Dropdown','',NULL,'2023-02-09 00:00:00','','2023-02-09 00:00:00',''),(187,65,'ar',5,'Warranty','Dropdown','','resources/images/warranty.jpeg','2023-02-09 00:00:00','','2023-02-09 00:00:00',''),(188,66,'ar',5,'Length','Dropdown','',NULL,'2023-02-09 00:00:00','','2023-02-09 00:00:00',''),(189,67,'ar',319,'ضمان','Dropdown','',NULL,'0000-00-00 00:00:00','','0000-00-00 00:00:00',''),(190,69,'ar',319,'التحكم في المناخ\r\n','Boolean','',NULL,'0000-00-00 00:00:00','','0000-00-00 00:00:00',''),(191,70,'ar',319,'مقاعد مبردة','Boolean','',NULL,'0000-00-00 00:00:00','','0000-00-00 00:00:00',''),(192,71,'ar',319,'مشغل اسطوانات\r\n','Boolean','',NULL,'0000-00-00 00:00:00','','0000-00-00 00:00:00',''),(193,72,'ar',319,'نظام دفع بالعجلات الأمامية\r\n','Boolean','',NULL,'0000-00-00 00:00:00','','0000-00-00 00:00:00',''),(194,73,'ar',319,'دخول بدون مفتاح\r\n','Boolean','',NULL,'0000-00-00 00:00:00','','0000-00-00 00:00:00',''),(195,74,'ar',319,'مقاعد جلدية\r\n','Boolean','',NULL,'0000-00-00 00:00:00','','0000-00-00 00:00:00',''),(196,75,'ar',319,'نظام ملاحة\r\n','Boolean','',NULL,'0000-00-00 00:00:00','','0000-00-00 00:00:00',''),(197,76,'ar',319,'مجسات وقوف السيارات\r\n','Boolean','',NULL,'0000-00-00 00:00:00','','0000-00-00 00:00:00',''),(198,77,'ar',319,'نظام صوت ممتاز\r\n','Boolean','',NULL,'0000-00-00 00:00:00','','0000-00-00 00:00:00',''),(199,78,'ar',319,'كاميرا الرؤية الخلفية\r\n','Boolean','',NULL,'0000-00-00 00:00:00','','0000-00-00 00:00:00',''),(200,79,'ar',319,'جميع عجلة القيادة\r\n','Boolean','',NULL,'0000-00-00 00:00:00','','0000-00-00 00:00:00',''),(201,80,'ar',319,'راديو AM / FM\r\n','Boolean','',NULL,'0000-00-00 00:00:00','','0000-00-00 00:00:00',''),(202,81,'ar',319,'الفرامل المانعة للانغلاق / ABS\r\n','Boolean','',NULL,'0000-00-00 00:00:00','','0000-00-00 00:00:00',''),(203,82,'ar',319,'مدخل صوت Aux\r\n','Boolean','',NULL,'0000-00-00 00:00:00','','0000-00-00 00:00:00',''),(204,83,'ar',319,'نظام بلوتوث\r\n','Boolean','',NULL,'0000-00-00 00:00:00','','0000-00-00 00:00:00',''),(205,84,'ar',319,'طقم الجسم\r\n','Boolean','',NULL,'0000-00-00 00:00:00','','0000-00-00 00:00:00',''),(206,85,'ar',319,'حارس الفرشاة\r\n','Boolean','',NULL,'0000-00-00 00:00:00','','0000-00-00 00:00:00',''),(207,86,'ar',319,'مشغل كاسيت\r\n','Boolean','',NULL,'0000-00-00 00:00:00','','0000-00-00 00:00:00',''),(208,87,'ar',319,'مشغل أقراص ليزرية\r\n','Boolean','',NULL,'0000-00-00 00:00:00','','0000-00-00 00:00:00',''),(209,88,'ar',319,'مثبت السرعة\r\n','Boolean','',NULL,'0000-00-00 00:00:00','','0000-00-00 00:00:00',''),(210,89,'ar',319,'عادم مزدوج\r\n','Boolean','',NULL,'0000-00-00 00:00:00','','0000-00-00 00:00:00',''),(211,90,'ar',319,'مصابيح الضباب\r\n','Boolean','',NULL,'0000-00-00 00:00:00','','0000-00-00 00:00:00',''),(212,91,'ar',319,'وسائد هوائية أمامية\r\n','Boolean','',NULL,'0000-00-00 00:00:00','','0000-00-00 00:00:00',''),(213,92,'ar',319,'حرارة\r\n','Boolean','',NULL,'0000-00-00 00:00:00','','0000-00-00 00:00:00',''),(214,93,'ar',319,'مقاعد ساخنة\r\n','Boolean','',NULL,'0000-00-00 00:00:00','','0000-00-00 00:00:00',''),(215,94,'ar',319,'بدء التشغيل بدون مفتاح\r\n','Boolean','',NULL,'0000-00-00 00:00:00','','0000-00-00 00:00:00',''),(216,95,'ar',319,'فتحة سقف\r\n','Boolean','',NULL,'0000-00-00 00:00:00','','0000-00-00 00:00:00',''),(217,96,'ar',319,'نظام N2O\r\n','Boolean','',NULL,'0000-00-00 00:00:00','','0000-00-00 00:00:00',''),(218,97,'ar',319,'طقم للطرق الوعرة\r\n','Boolean','',NULL,'0000-00-00 00:00:00','','0000-00-00 00:00:00',''),(219,98,'ar',319,'إطارات الطرق الوعرة\r\n','Boolean','',NULL,'0000-00-00 00:00:00','','0000-00-00 00:00:00',''),(220,99,'ar',319,'إطارات عالية الأداء\r\n','Boolean','',NULL,'0000-00-00 00:00:00','','0000-00-00 00:00:00',''),(221,100,'ar',319,'أقفال الطاقة\r\n','Boolean','',NULL,'0000-00-00 00:00:00','','0000-00-00 00:00:00',''),(222,101,'ar',319,'مرايا كهربائية\r\n','Boolean','',NULL,'0000-00-00 00:00:00','','0000-00-00 00:00:00',''),(223,102,'ar',319,'مقاعد السلطة\r\n','Boolean','',NULL,'0000-00-00 00:00:00','','0000-00-00 00:00:00',''),(224,103,'ar',319,'مقود مرن\r\n','Boolean','',NULL,'0000-00-00 00:00:00','','0000-00-00 00:00:00',''),(225,104,'ar',319,'فتحة سقف كهربائية\r\n','Boolean','',NULL,'0000-00-00 00:00:00','','0000-00-00 00:00:00',''),(226,105,'ar',319,'نوافذ كهربائية\r\n','Boolean','',NULL,'0000-00-00 00:00:00','','0000-00-00 00:00:00',''),(227,106,'ar',319,'مصابيح مميزة\r\n','Boolean','',NULL,'0000-00-00 00:00:00','','0000-00-00 00:00:00',''),(228,107,'ar',319,'دهان ممتاز\r\n','Boolean','',NULL,'0000-00-00 00:00:00','','0000-00-00 00:00:00',''),(229,108,'ar',319,'عجلات / جنوط فاخرة\r\n','Boolean','',NULL,'0000-00-00 00:00:00','','0000-00-00 00:00:00',''),(230,109,'ar',319,'مقاعد السباق\r\n','Boolean','',NULL,'0000-00-00 00:00:00','','0000-00-00 00:00:00',''),(231,110,'ar',319,'دفع خلفي\r\n','Boolean','',NULL,'0000-00-00 00:00:00','','0000-00-00 00:00:00',''),(232,111,'ar',319,'سقف الرف\r\n','Boolean','',NULL,'0000-00-00 00:00:00','','0000-00-00 00:00:00',''),(233,112,'ar',319,'راديو الأقمار الصناعية\r\n','Boolean','',NULL,'0000-00-00 00:00:00','','0000-00-00 00:00:00',''),(234,113,'ar',319,'وسائد هوائية جانبية\r\n','Boolean','',NULL,'0000-00-00 00:00:00','','0000-00-00 00:00:00',''),(235,114,'ar',319,'المفسد\r\n','Boolean','',NULL,'0000-00-00 00:00:00','','0000-00-00 00:00:00',''),(236,115,'ar',319,'فتحة سقف\r\n','Boolean','',NULL,'0000-00-00 00:00:00','','0000-00-00 00:00:00',''),(237,116,'ar',319,'تيبترونيك جيرس\r\n','Boolean','',NULL,'0000-00-00 00:00:00','','0000-00-00 00:00:00',''),(238,117,'ar',319,'4 ذات الدفع الرباعي\r\n','Boolean','',NULL,'0000-00-00 00:00:00','','0000-00-00 00:00:00',''),(239,118,'ar',319,'تكيف\r\n','Boolean','',NULL,'0000-00-00 00:00:00','','0000-00-00 00:00:00',''),(240,119,'ar',319,'نظام إنذار / مضاد للسرقة\r\n','Boolean','',NULL,'0000-00-00 00:00:00','','0000-00-00 00:00:00',''),(241,120,'ar',319,'دفع على جميع العجلات\r\n','Boolean','',NULL,'0000-00-00 00:00:00','','0000-00-00 00:00:00',''),(242,121,'ar',319,'مشغل VHS\r\n','Boolean','',NULL,'0000-00-00 00:00:00','','0000-00-00 00:00:00',''),(243,122,'ar',319,'ونش\r\n','Boolean','',NULL,'0000-00-00 00:00:00','','0000-00-00 00:00:00','');

/*Table structure for table `category_attributes_options` */

CREATE TABLE `category_attributes_options` (
  `option_id` int(100) NOT NULL AUTO_INCREMENT,
  `option_id_sal` int(100) DEFAULT NULL,
  `language` varchar(100) DEFAULT NULL,
  `attribute_id` int(100) NOT NULL,
  `option_value` varchar(1000) NOT NULL,
  PRIMARY KEY (`option_id`)
) ENGINE=InnoDB AUTO_INCREMENT=1377 DEFAULT CHARSET=utf8;

/*Data for the table `category_attributes_options` */

insert  into `category_attributes_options`(`option_id`,`option_id_sal`,`language`,`attribute_id`,`option_value`) values (1,1,'en',19,'Still with the dealer'),(2,2,'en',19,'Only used once since it was purchased new'),(3,3,'en',19,'Used very rarely since it was purchased'),(4,4,'en',19,'Used once or twice a week since purchased'),(5,5,'en',19,'Used as primary mode of transportation'),(6,6,'en',22,'Owner'),(7,7,'en',22,'Dealer'),(8,8,'en',22,'Dealership/Certified Pre-Owned'),(9,9,'en',23,'Yes'),(10,10,'en',23,'No'),(11,11,'en',23,'Does not apply'),(12,12,'en',24,'Belt'),(13,13,'en',24,'Chain'),(14,14,'en',24,'Shaft'),(15,15,'en',24,'Does not apply'),(16,16,'en',25,'2 wheels'),(17,17,'en',25,'3 wheels'),(18,18,'en',25,'4 wheels'),(19,19,'en',26,'Access Motor'),(20,20,'en',26,'Aprillia'),(21,21,'en',26,'Asiawing'),(22,22,'en',26,'Bajaj'),(23,23,'en',26,'Benelli'),(24,24,'en',26,'BMW'),(25,25,'en',26,'Buell'),(26,26,'en',26,'Can-am'),(27,27,'en',26,'Ducati'),(28,28,'en',26,'Gas Gas'),(29,29,'en',26,'Harley Davidson'),(30,30,'en',26,'Hero'),(31,31,'en',26,'Honda'),(32,32,'en',26,'Husaberg'),(33,33,'en',26,'Husqvarna'),(34,34,'en',26,'Indian'),(35,35,'en',26,'Kawasaki'),(36,36,'en',26,'KTM'),(37,37,'en',26,'Moto Guzzi'),(38,38,'en',26,'MV Agusta'),(39,39,'en',26,'Norton'),(40,40,'en',26,'Polaris'),(41,41,'en',26,'Royal Enfield'),(42,42,'en',26,'Suzuki'),(43,43,'en',26,'Triumph'),(44,44,'en',26,'Vespa'),(45,45,'en',26,'Victory'),(46,46,'en',26,'Yamaha'),(47,47,'en',26,'Other'),(48,48,'en',27,'Less than 250cc'),(49,49,'en',27,'250cc - 499cc'),(50,50,'en',27,'500cc - 599cc'),(51,51,'en',27,'600cc - 749cc'),(52,52,'en',27,'750cc - 999cc'),(53,53,'en',27,'1,000cc or more'),(54,54,'en',27,'Does not apply'),(55,55,'en',21,'1921'),(56,56,'en',21,'1922'),(57,57,'en',21,'1923'),(58,58,'en',21,'1924'),(59,59,'en',21,'1925'),(60,60,'en',21,'1926'),(61,61,'en',21,'1927'),(62,62,'en',21,'1928'),(63,63,'en',21,'1929'),(64,64,'en',21,'1930'),(65,65,'en',21,'1931'),(66,66,'en',21,'1932'),(67,67,'en',21,'1933'),(68,68,'en',21,'1934'),(69,69,'en',21,'1935'),(70,70,'en',21,'1936'),(71,71,'en',21,'1937'),(72,72,'en',21,'1938'),(73,73,'en',21,'1939'),(74,74,'en',21,'1940'),(75,75,'en',21,'1941'),(76,76,'en',21,'1942'),(77,77,'en',21,'1943'),(78,78,'en',21,'1944'),(79,79,'en',21,'1945'),(80,80,'en',21,'1946'),(81,81,'en',21,'1947'),(82,82,'en',21,'1948'),(83,83,'en',21,'1949'),(84,84,'en',21,'1950'),(85,85,'en',21,'1951'),(86,86,'en',21,'1952'),(87,87,'en',21,'1953'),(88,88,'en',21,'1954'),(89,89,'en',21,'1955'),(90,90,'en',21,'1956'),(91,91,'en',21,'1957'),(92,92,'en',21,'1958'),(93,93,'en',21,'1959'),(94,94,'en',21,'1960'),(95,95,'en',21,'1961'),(96,96,'en',21,'1962'),(97,97,'en',21,'1963'),(98,98,'en',21,'1964'),(99,99,'en',21,'1965'),(100,100,'en',21,'1966'),(101,101,'en',21,'1967'),(102,102,'en',21,'1968'),(103,103,'en',21,'1969'),(104,104,'en',21,'1970'),(105,105,'en',21,'1971'),(106,106,'en',21,'1972'),(107,107,'en',21,'1973'),(108,108,'en',21,'1974'),(109,109,'en',21,'1975'),(110,110,'en',21,'1976'),(111,111,'en',21,'1977'),(112,112,'en',21,'1978'),(113,113,'en',21,'1979'),(114,114,'en',21,'1980'),(115,115,'en',21,'1981'),(116,116,'en',21,'1982'),(117,117,'en',21,'1983'),(118,118,'en',21,'1984'),(119,119,'en',21,'1985'),(120,120,'en',21,'1986'),(121,121,'en',21,'1987'),(122,122,'en',21,'1988'),(123,123,'en',21,'1989'),(124,124,'en',21,'1990'),(125,125,'en',21,'1991'),(126,126,'en',21,'1992'),(127,127,'en',21,'1993'),(128,128,'en',21,'1994'),(129,129,'en',21,'1995'),(130,130,'en',21,'1996'),(131,131,'en',21,'1997'),(132,132,'en',21,'1998'),(133,133,'en',21,'1999'),(134,134,'en',21,'2000'),(135,135,'en',21,'2001'),(136,136,'en',21,'2002'),(137,137,'en',21,'2003'),(138,138,'en',21,'2004'),(139,139,'en',21,'2005'),(140,140,'en',21,'2006'),(141,141,'en',21,'2007'),(142,142,'en',21,'2008'),(143,143,'en',21,'2009'),(144,144,'en',21,'2010'),(145,145,'en',21,'2011'),(146,146,'en',21,'2012'),(147,147,'en',21,'2013'),(148,148,'en',21,'2014'),(149,149,'en',21,'2015'),(150,150,'en',21,'2016'),(151,151,'en',21,'2017'),(152,152,'en',21,'2018'),(153,153,'en',21,'2019'),(154,154,'en',21,'2020'),(155,155,'en',21,'2021'),(156,156,'en',21,'2022'),(157,157,'en',21,'2023'),(158,158,'en',28,'Still in original packing'),(159,159,'en',28,'Out of original packaging. but only used once'),(160,160,'en',28,'Used only a few times'),(161,161,'en',28,'Used an average amount, as frequently as would be expected'),(162,162,'en',28,'Used an above average amount since purchased'),(163,163,'en',29,'Perfect inside and out'),(164,164,'en',29,'Almost no noticeable problems or flaws'),(165,165,'en',29,'A bit of wear and tear, but in good working condition'),(166,166,'en',29,'Normal wear and tear for the age of the item, a few problems here and there'),(167,167,'en',29,'Above average wear and tear. The item may need a bit of repair to work properly'),(168,168,'en',30,'Owner'),(169,169,'en',30,'Dealer'),(170,170,'en',30,'Dealership/Certified Pre-Owned'),(171,171,'en',49,'Gasoline'),(172,172,'en',49,'Diesel'),(173,173,'en',49,'Hybrid'),(174,174,'en',49,'Electric'),(175,175,'en',51,'Perfect inside and out'),(176,176,'en',51,'No accidents, very few faults'),(177,177,'en',51,'A bit of wear & tear, all repaired'),(178,178,'en',51,'Normal wear & tear, a few issues'),(179,179,'en',51,'Lots of wear & tear to the body'),(180,180,'en',52,'Perfect inside and out'),(181,181,'en',52,'Minor faults, all fixed'),(182,182,'en',52,'Major faults, all fixed'),(183,183,'en',52,'Major faluts fixed, small remain'),(184,184,'en',52,'Ongoing minor & major faults'),(185,185,'en',53,'1921'),(186,186,'en',53,'1922'),(187,187,'en',53,'1923'),(188,188,'en',53,'1924'),(189,189,'en',53,'1925'),(190,190,'en',53,'1926'),(191,191,'en',53,'1927'),(192,192,'en',53,'1928'),(193,193,'en',53,'1929'),(194,194,'en',53,'1930'),(195,195,'en',53,'1931'),(196,196,'en',53,'1932'),(197,197,'en',53,'1933'),(198,198,'en',53,'1934'),(199,199,'en',53,'1935'),(200,200,'en',53,'1936'),(201,201,'en',53,'1937'),(202,202,'en',53,'1938'),(203,203,'en',53,'1939'),(204,204,'en',53,'1940'),(205,205,'en',53,'1941'),(206,206,'en',53,'1942'),(207,207,'en',53,'1943'),(208,208,'en',53,'1944'),(209,209,'en',53,'1945'),(210,210,'en',53,'1946'),(211,211,'en',53,'1947'),(212,212,'en',53,'1948'),(213,213,'en',53,'1949'),(214,214,'en',53,'1950'),(215,215,'en',53,'1951'),(216,216,'en',53,'1952'),(217,217,'en',53,'1953'),(218,218,'en',53,'1954'),(219,219,'en',53,'1955'),(220,220,'en',53,'1956'),(221,221,'en',53,'1957'),(222,222,'en',53,'1958'),(223,223,'en',53,'1959'),(224,224,'en',53,'1960'),(225,225,'en',53,'1961'),(226,226,'en',53,'1962'),(227,227,'en',53,'1963'),(228,228,'en',53,'1964'),(229,229,'en',53,'1965'),(230,230,'en',53,'1966'),(231,231,'en',53,'1967'),(232,232,'en',53,'1968'),(233,233,'en',53,'1969'),(234,234,'en',53,'1970'),(235,235,'en',53,'1971'),(236,236,'en',53,'1972'),(237,237,'en',53,'1973'),(238,238,'en',53,'1974'),(239,239,'en',53,'1975'),(240,240,'en',53,'1976'),(241,241,'en',53,'1977'),(242,242,'en',53,'1978'),(243,243,'en',53,'1979'),(244,244,'en',53,'1980'),(245,245,'en',53,'1981'),(246,246,'en',53,'1982'),(247,247,'en',53,'1983'),(248,248,'en',53,'1984'),(249,249,'en',53,'1985'),(250,250,'en',53,'1986'),(251,251,'en',53,'1987'),(252,252,'en',53,'1988'),(253,253,'en',53,'1989'),(254,254,'en',53,'1990'),(255,255,'en',53,'1991'),(256,256,'en',53,'1992'),(257,257,'en',53,'1993'),(258,258,'en',53,'1994'),(259,259,'en',53,'1995'),(260,260,'en',53,'1996'),(261,261,'en',53,'1997'),(262,262,'en',53,'1998'),(263,263,'en',53,'1999'),(264,264,'en',53,'2000'),(265,265,'en',53,'2001'),(266,266,'en',53,'2002'),(267,267,'en',53,'2003'),(268,268,'en',53,'2004'),(269,269,'en',53,'2005'),(270,270,'en',53,'2006'),(271,271,'en',53,'2007'),(272,272,'en',53,'2008'),(273,273,'en',53,'2009'),(274,274,'en',53,'2010'),(275,275,'en',53,'2011'),(276,276,'en',53,'2012'),(277,277,'en',53,'2013'),(278,278,'en',53,'2014'),(279,279,'en',53,'2015'),(280,280,'en',53,'2016'),(281,281,'en',53,'2017'),(282,282,'en',53,'2018'),(283,283,'en',53,'2019'),(284,284,'en',53,'2020'),(285,285,'en',53,'2021'),(286,286,'en',53,'2022'),(287,287,'en',53,'2023'),(288,288,'en',54,'Owner'),(289,289,'en',54,'Dealer'),(290,290,'en',54,'Dealership/Certified Pre-Owned'),(291,291,'en',55,'Yes'),(292,292,'en',55,'No'),(293,293,'en',55,'Does not apply'),(294,294,'en',56,'3'),(295,295,'en',56,'4'),(296,296,'en',56,'5'),(297,297,'en',56,'6'),(298,298,'en',56,'8'),(299,299,'en',56,'10'),(300,300,'en',56,'12'),(301,301,'en',56,'Unknown'),(302,302,'en',60,'Less than 150 HP'),(303,303,'en',60,'150 - 200 HP'),(304,304,'en',60,'200 - 300 HP'),(305,305,'en',60,'300 - 400 HP'),(306,306,'en',60,'400+ HP'),(307,307,'en',60,'Unknown'),(308,308,'en',61,'Brand New'),(309,309,'en',61,'0-1 month'),(310,310,'en',61,'1-6 month'),(311,311,'en',61,'6-12 months'),(312,312,'en',61,'1-2 years'),(313,313,'en',61,'2-5 years'),(314,314,'en',61,'5-10 years'),(315,315,'en',61,'10+ years'),(316,316,'en',62,'Still with the dealer'),(317,317,'en',62,'Only used once since it was purchased new'),(318,318,'en',62,'Used only a few times since it was purchased new'),(319,319,'en',62,'Used once or twice a month since purchased'),(320,320,'en',62,'Used numerous times per week since purchased'),(321,321,'en',63,'Perfect inside and out'),(322,322,'en',63,'Almost no noticeable problems or flaws'),(323,323,'en',63,'A bit of wear and tear, but in good working condition'),(324,324,'en',63,'Normal wear and tear for the age of the item, a few problems here and there'),(325,325,'en',63,'Above average wear and tear. The item may need a bit of repair to work properly'),(326,326,'en',64,'Owner'),(327,327,'en',64,'Dealer'),(328,328,'en',64,'Dealership/Certified Pre-Owned'),(329,329,'en',65,'Yes'),(330,330,'en',65,'No'),(331,331,'en',65,'Does not apply'),(332,332,'en',66,'Under 10 ft.'),(333,333,'en',66,'10-14 ft'),(334,334,'en',66,'15-19 ft'),(335,335,'en',66,'20-24 ft'),(336,336,'en',66,'25-29 ft'),(337,337,'en',66,'30-39 ft'),(338,338,'en',66,'40-40 ft'),(339,339,'en',66,'50-69 ft'),(340,340,'en',66,'70-100 ft'),(341,341,'en',66,'100+ ft'),(342,342,'en',4,'GCC Specs'),(343,343,'en',4,'American Specs'),(344,344,'en',4,'Canadian Specs'),(345,345,'en',4,'European Specs'),(346,346,'en',4,'Japanese Specs'),(347,347,'en',4,'Other'),(348,348,'en',5,'1921'),(349,349,'en',5,'1922'),(350,350,'en',5,'1923'),(351,351,'en',5,'1924'),(352,352,'en',5,'1925'),(353,353,'en',5,'1926'),(354,354,'en',5,'1927'),(355,355,'en',5,'1928'),(356,356,'en',5,'1929'),(357,357,'en',5,'1930'),(358,358,'en',5,'1931'),(359,359,'en',5,'1932'),(360,360,'en',5,'1933'),(361,361,'en',5,'1934'),(362,362,'en',5,'1935'),(363,363,'en',5,'1936'),(364,364,'en',5,'1937'),(365,365,'en',5,'1938'),(366,366,'en',5,'1939'),(367,367,'en',5,'1940'),(368,368,'en',5,'1941'),(369,369,'en',5,'1942'),(370,370,'en',5,'1943'),(371,371,'en',5,'1944'),(372,372,'en',5,'1945'),(373,373,'en',5,'1946'),(374,374,'en',5,'1947'),(375,375,'en',5,'1948'),(376,376,'en',5,'1949'),(377,377,'en',5,'1950'),(378,378,'en',5,'1951'),(379,379,'en',5,'1952'),(380,380,'en',5,'1953'),(381,381,'en',5,'1954'),(382,382,'en',5,'1955'),(383,383,'en',5,'1956'),(384,384,'en',5,'1957'),(385,385,'en',5,'1958'),(386,386,'en',5,'1959'),(387,387,'en',5,'1960'),(388,388,'en',5,'1961'),(389,389,'en',5,'1962'),(390,390,'en',5,'1963'),(391,391,'en',5,'1964'),(392,392,'en',5,'1965'),(393,393,'en',5,'1966'),(394,394,'en',5,'1967'),(395,395,'en',5,'1968'),(396,396,'en',5,'1969'),(397,397,'en',5,'1970'),(398,398,'en',5,'1971'),(399,399,'en',5,'1972'),(400,400,'en',5,'1973'),(401,401,'en',5,'1974'),(402,402,'en',5,'1975'),(403,403,'en',5,'1976'),(404,404,'en',5,'1977'),(405,405,'en',5,'1978'),(406,406,'en',5,'1979'),(407,407,'en',5,'1980'),(408,408,'en',5,'1981'),(409,409,'en',5,'1982'),(410,410,'en',5,'1983'),(411,411,'en',5,'1984'),(412,412,'en',5,'1985'),(413,413,'en',5,'1986'),(414,414,'en',5,'1987'),(415,415,'en',5,'1988'),(416,416,'en',5,'1989'),(417,417,'en',5,'1990'),(418,418,'en',5,'1991'),(419,419,'en',5,'1992'),(420,420,'en',5,'1993'),(421,421,'en',5,'1994'),(422,422,'en',5,'1995'),(423,423,'en',5,'1996'),(424,424,'en',5,'1997'),(425,425,'en',5,'1998'),(426,426,'en',5,'1999'),(427,427,'en',5,'2000'),(428,428,'en',5,'2001'),(429,429,'en',5,'2002'),(430,430,'en',5,'2003'),(431,431,'en',5,'2004'),(432,432,'en',5,'2005'),(433,433,'en',5,'2006'),(434,434,'en',5,'2007'),(435,435,'en',5,'2008'),(436,436,'en',5,'2009'),(437,437,'en',5,'2010'),(438,438,'en',5,'2011'),(439,439,'en',5,'2012'),(440,440,'en',5,'2013'),(441,441,'en',5,'2014'),(442,442,'en',5,'2015'),(443,443,'en',5,'2016'),(444,444,'en',5,'2017'),(445,445,'en',5,'2018'),(446,446,'en',5,'2019'),(447,447,'en',5,'2020'),(448,448,'en',5,'2021'),(449,449,'en',5,'2022'),(450,450,'en',5,'2023'),(451,451,'en',7,'Yes'),(452,452,'en',7,'No'),(453,453,'en',8,'Gasoline'),(454,454,'en',8,'Diesel'),(455,455,'en',8,'Hybrid'),(456,456,'en',8,'Electric'),(457,457,'en',9,'Perfect inside and out'),(458,458,'en',9,'No accidents, very few faults'),(459,459,'en',9,'A bit of wear & tear, all repaired'),(460,460,'en',9,'Normal wear & tear, a few issues'),(461,461,'en',9,'Lots of wear & tear to the body'),(462,462,'en',10,'Perfect inside and out'),(463,463,'en',10,'Minor faults, all fixed'),(464,464,'en',10,'Major faults, all fixed'),(465,465,'en',10,'Major fault fixed, small remain'),(466,466,'en',10,'Ongoing minor & major faults'),(467,467,'en',11,'Black'),(468,468,'en',11,'Blue'),(469,469,'en',11,'Brown'),(470,470,'en',11,'Burgundy'),(471,471,'en',11,'Gold'),(472,472,'en',11,'Grey'),(473,473,'en',11,'Orange'),(474,474,'en',11,'Green'),(475,475,'en',11,'Purple'),(476,476,'en',11,'Red'),(477,477,'en',11,'Silver'),(478,478,'en',11,'Beige'),(479,479,'en',11,'Tan'),(480,480,'en',11,'Teal'),(481,481,'en',11,'White'),(482,482,'en',11,'Yellow'),(483,483,'en',11,'Other Color'),(484,484,'en',12,'Beige'),(485,485,'en',12,'Black'),(486,486,'en',12,'Blue'),(487,487,'en',12,'Brown'),(488,488,'en',12,'Green'),(489,489,'en',12,'Grey'),(490,490,'en',12,'Orange'),(491,491,'en',12,'Red'),(492,492,'en',12,'Tan'),(493,493,'en',12,'White'),(494,494,'en',12,'Yellow'),(495,495,'en',12,'Other Color'),(496,496,'en',13,'2 door'),(497,497,'en',13,'3 door'),(498,498,'en',13,'4 door'),(499,499,'en',13,'5+ doors'),(500,500,'en',14,'3'),(501,501,'en',14,'4'),(502,502,'en',14,'5'),(503,503,'en',14,'6'),(504,504,'en',14,'8'),(505,505,'en',14,'10'),(506,506,'en',14,'12'),(507,507,'en',14,'Unknown'),(508,508,'en',14,'None'),(509,509,'en',15,'Manual Transmission'),(510,510,'en',15,'Automatic Transmission'),(511,511,'en',16,'Coupe'),(512,512,'en',16,'Crossover'),(513,513,'en',16,'Hard Top Convertible'),(514,514,'en',16,'Hatchback'),(515,515,'en',16,'Pick Up Truck'),(516,516,'en',16,'Sedan'),(517,517,'en',16,'Soft Top Convertible'),(518,518,'en',16,'Sports Car'),(519,519,'en',16,'SUV'),(520,520,'en',16,'Utility Truck'),(521,521,'en',16,'Van'),(522,522,'en',16,'Wagon'),(523,523,'en',16,'Other'),(524,524,'en',17,'Less than 150 HP'),(525,525,'en',17,'150 - 200 HP'),(526,526,'en',17,'200 - 300 HP'),(527,527,'en',17,'300 - 400 HP'),(528,528,'en',17,'400 - 500 HP'),(529,529,'en',17,'500 - 600 HP'),(530,530,'en',17,'600 - 700 HP'),(531,531,'en',17,'700 - 800 HP'),(532,532,'en',17,'800 - 900 HP'),(533,533,'en',17,'900+ HP'),(534,534,'en',17,'Unknown'),(535,535,'en',18,'Left Hand Side'),(536,536,'en',18,'Right Hand Side'),(537,537,'en',67,'Yes'),(538,538,'en',67,'No'),(539,539,'en',67,'Does not apply'),(540,1,'ar',141,'لا يزال مع التاجر\r\n'),(541,2,'ar',141,'تستخدم مرة واحدة فقط منذ شرائها جديدة\r\n'),(542,3,'ar',141,'نادرًا ما يستخدم منذ شرائه\r\n'),(543,4,'ar',141,'تستخدم مرة أو مرتين في الأسبوع منذ شرائها\r\n'),(544,5,'ar',141,'تستخدم كوسيلة أساسية للنقل\r\n'),(545,6,'ar',144,'مالك\r\n'),(546,7,'ar',144,'تاجر\r\n'),(547,8,'ar',144,'وكالة البيع / المملوكة مسبقًا\r\n'),(548,9,'ar',145,'نعم'),(549,10,'ar',145,'لا\r\n'),(550,11,'ar',145,'لا ينطبق\r\n'),(551,12,'ar',146,'حزام\r\n'),(552,13,'ar',146,'سلسلة\r\n'),(553,14,'ar',146,'الفتحة'),(554,15,'ar',146,'لا ينطبق\r\n'),(555,16,'ar',147,'2 عجلات\r\n'),(556,17,'ar',147,'3 عجلات\r\n'),(557,18,'ar',147,'4 عجلات\r\n'),(558,19,'ar',148,'الوصول إلى المحرك\r\n'),(559,20,'ar',148,'ابريليا'),(560,21,'ar',148,'اسوينج\r\n'),(561,22,'ar',148,'باجاج'),(562,23,'ar',148,'بينيلي\r\n'),(563,24,'ar',148,'بي ام دبليو\r\n'),(564,25,'ar',148,'بويل'),(565,26,'ar',148,'Can-am'),(566,27,'ar',148,'دوكاتي\r\n'),(567,28,'ar',148,'غاز غاز\r\n'),(568,29,'ar',148,'هارلي ديفيدسون\r\n'),(569,30,'ar',148,'بطل'),(570,31,'ar',148,'هوندا'),(571,32,'ar',148,'هوسابيرج\r\n'),(572,33,'ar',148,'هوسكفارنا'),(573,34,'ar',148,'هندي\r\n'),(574,35,'ar',148,'كاواساكي\r\n'),(575,36,'ar',148,'KTM'),(576,37,'ar',148,'موتو جوزي\r\n'),(577,38,'ar',148,'MV Agusta'),(578,39,'ar',148,'نورتون'),(579,40,'ar',148,'بولاريس'),(580,41,'ar',148,'رويال انفيلد\r\n'),(581,42,'ar',148,'سوزوكي'),(582,43,'ar',148,'انتصار\r\n'),(583,44,'ar',148,'فيسبا\r\n'),(584,45,'ar',148,'فوز'),(585,46,'ar',148,'ياماها'),(586,47,'ar',148,'آخر'),(587,48,'ar',149,'250cc أقل من \r\n'),(588,49,'ar',149,'250cc - 499cc'),(589,50,'ar',149,'500cc - 599cc'),(590,51,'ar',149,'600cc - 749cc'),(591,52,'ar',149,'750cc - 999cc'),(592,53,'ar',149,'1,000cc او اكثر'),(593,54,'ar',149,'لا ينطبق\r\n'),(594,55,'ar',143,'1921'),(595,56,'ar',143,'1922'),(596,57,'ar',143,'1923'),(597,58,'ar',143,'1924'),(598,59,'ar',143,'1925'),(599,60,'ar',143,'1926'),(600,61,'ar',143,'1927'),(601,62,'ar',143,'1928'),(602,63,'ar',143,'1929'),(603,64,'ar',143,'1930'),(604,65,'ar',143,'1931'),(605,66,'ar',143,'1932'),(606,67,'ar',143,'1933'),(607,68,'ar',143,'1934'),(608,69,'ar',143,'1935'),(609,70,'ar',143,'1936'),(610,71,'ar',143,'1937'),(611,72,'ar',143,'1938'),(612,73,'ar',143,'1939'),(613,74,'ar',143,'1940'),(614,75,'ar',143,'1941'),(615,76,'ar',143,'1942'),(616,77,'ar',143,'1943'),(617,78,'ar',143,'1944'),(618,79,'ar',143,'1945'),(619,80,'ar',143,'1946'),(620,81,'ar',143,'1947'),(621,82,'ar',143,'1948'),(622,83,'ar',143,'1949'),(623,84,'ar',143,'1950'),(624,85,'ar',143,'1951'),(625,86,'ar',143,'1952'),(626,87,'ar',143,'1953'),(627,88,'ar',143,'1954'),(628,89,'ar',143,'1955'),(629,90,'ar',143,'1956'),(630,91,'ar',143,'1957'),(631,92,'ar',143,'1958'),(632,93,'ar',143,'1959'),(633,94,'ar',143,'1960'),(634,95,'ar',143,'1961'),(635,96,'ar',143,'1962'),(636,97,'ar',143,'1963'),(637,98,'ar',143,'1964'),(638,99,'ar',143,'1965'),(639,100,'ar',143,'1966'),(640,101,'ar',143,'1967'),(641,102,'ar',143,'1968'),(642,103,'ar',143,'1969'),(643,104,'ar',143,'1970'),(644,105,'ar',143,'1971'),(645,106,'ar',143,'1972'),(646,107,'ar',143,'1973'),(647,108,'ar',143,'1974'),(648,109,'ar',143,'1975'),(649,110,'ar',143,'1976'),(650,111,'ar',143,'1977'),(651,112,'ar',143,'1978'),(652,113,'ar',143,'1979'),(653,114,'ar',143,'1980'),(654,115,'ar',143,'1981'),(655,116,'ar',143,'1982'),(656,117,'ar',143,'1983'),(657,118,'ar',143,'1984'),(658,119,'ar',143,'1985'),(659,120,'ar',143,'1986'),(660,121,'ar',143,'1987'),(661,122,'ar',143,'1988'),(662,123,'ar',143,'1989'),(663,124,'ar',143,'1990'),(664,125,'ar',143,'1991'),(665,126,'ar',143,'1992'),(666,127,'ar',143,'1993'),(667,128,'ar',143,'1994'),(668,129,'ar',143,'1995'),(669,130,'ar',143,'1996'),(670,131,'ar',143,'1997'),(671,132,'ar',143,'1998'),(672,133,'ar',143,'1999'),(673,134,'ar',143,'2000'),(674,135,'ar',143,'2001'),(675,136,'ar',143,'2002'),(676,137,'ar',143,'2003'),(677,138,'ar',143,'2004'),(678,139,'ar',143,'2005'),(679,140,'ar',143,'2006'),(680,141,'ar',143,'2007'),(681,142,'ar',143,'2008'),(682,143,'ar',143,'2009'),(683,144,'ar',143,'2010'),(684,145,'ar',143,'2011'),(685,146,'ar',143,'2012'),(686,147,'ar',143,'2013'),(687,148,'ar',143,'2014'),(688,149,'ar',143,'2015'),(689,150,'ar',143,'2016'),(690,151,'ar',143,'2017'),(691,152,'ar',143,'2018'),(692,153,'ar',143,'2019'),(693,154,'ar',143,'2020'),(694,155,'ar',143,'2021'),(695,156,'ar',143,'2022'),(696,157,'ar',143,'2023'),(697,158,'ar',150,'لا يزال في التعبئة الأصلية\r\n'),(698,159,'ar',150,'خارج العبوة الأصلية. لكنها تستخدم مرة واحدة فقط\r\n'),(699,160,'ar',150,'استخدم عدة مرات فقط\r\n'),(700,161,'ar',150,'استخدم متوسط ​​المبلغ ، بشكل متكرر كما هو متوقع\r\n'),(701,162,'ar',150,'استخدمت مبلغًا أعلى من المتوسط ​​منذ الشراء\r\n'),(702,163,'ar',151,'مثالي من الداخل والخارج\r\n'),(703,164,'ar',151,'لا توجد مشاكل أو عيوب ملحوظة تقريبًا\r\n'),(704,165,'ar',151,'قليل من البلى ، لكن في حالة عمل جيدة\r\n'),(705,166,'ar',151,'البلى العادي بالنسبة لعمر العنصر ، بعض المشاكل هنا وهناك\r\n'),(706,167,'ar',151,'فوق المتوسط ​​البلى. قد يحتاج العنصر إلى القليل من الإصلاح ليعمل بشكل صحيح\r\n'),(707,168,'ar',152,'مالك'),(708,169,'ar',152,'تاجر\r\n'),(709,170,'ar',152,'وكالة البيع / المملوكة مسبقًا\r\n'),(710,171,'ar',171,'الغازولين\r\n'),(711,172,'ar',171,'ديزل\r\n'),(712,173,'ar',171,'هجين'),(713,174,'ar',171,'كهربائي\r\n'),(714,175,'ar',173,'مثالي من الداخل والخارج\r\n'),(715,176,'ar',173,'بدون حوادث ، عيوب قليلة جدا\r\n'),(716,177,'ar',173,'قليلا من البلى ، كل إصلاح\r\n'),(717,178,'ar',173,'البلى العادي ، بعض المشاكل\r\n'),(718,179,'ar',173,'الكثير من البلى في الجسم\r\n'),(719,180,'ar',174,'مثالي من الداخل والخارج\r\n'),(720,181,'ar',174,'أخطاء بسيطة ، كلها ثابتة\r\n'),(721,182,'ar',174,'أخطاء كبيرة ، كلها ثابتة\r\n'),(722,183,'ar',174,'عيوب كبيرة ثابتة ، تبقى صغيرة'),(723,184,'ar',174,'استمرار وجود أخطاء طفيفة وكبيرة\r\n'),(724,185,'ar',175,'1921'),(725,186,'ar',175,'1922'),(726,187,'ar',175,'1923'),(727,188,'ar',175,'1924'),(728,189,'ar',175,'1925'),(729,190,'ar',175,'1926'),(730,191,'ar',175,'1927'),(731,192,'ar',175,'1928'),(732,193,'ar',175,'1929'),(733,194,'ar',175,'1930'),(734,195,'ar',175,'1931'),(735,196,'ar',175,'1932'),(736,197,'ar',175,'1933'),(737,198,'ar',175,'1934'),(738,199,'ar',175,'1935'),(739,200,'ar',175,'1936'),(740,201,'ar',175,'1937'),(741,202,'ar',175,'1938'),(742,203,'ar',175,'1939'),(743,204,'ar',175,'1940'),(744,205,'ar',175,'1941'),(745,206,'ar',175,'1942'),(746,207,'ar',175,'1943'),(747,208,'ar',175,'1944'),(748,209,'ar',175,'1945'),(749,210,'ar',175,'1946'),(750,211,'ar',175,'1947'),(751,212,'ar',175,'1948'),(752,213,'ar',175,'1949'),(753,214,'ar',175,'1950'),(754,215,'ar',175,'1951'),(755,216,'ar',175,'1952'),(756,217,'ar',175,'1953'),(757,218,'ar',175,'1954'),(758,219,'ar',175,'1955'),(759,220,'ar',175,'1956'),(760,221,'ar',175,'1957'),(761,222,'ar',175,'1958'),(762,223,'ar',175,'1959'),(763,224,'ar',175,'1960'),(764,225,'ar',175,'1961'),(765,226,'ar',175,'1962'),(766,227,'ar',175,'1963'),(767,228,'ar',175,'1964'),(768,229,'ar',175,'1965'),(769,230,'ar',175,'1966'),(770,231,'ar',175,'1967'),(771,232,'ar',175,'1968'),(772,233,'ar',175,'1969'),(773,234,'ar',175,'1970'),(774,235,'ar',175,'1971'),(775,236,'ar',175,'1972'),(776,237,'ar',175,'1973'),(777,238,'ar',175,'1974'),(778,239,'ar',175,'1975'),(779,240,'ar',175,'1976'),(780,241,'ar',175,'1977'),(781,242,'ar',175,'1978'),(782,243,'ar',175,'1979'),(783,244,'ar',175,'1980'),(784,245,'ar',175,'1981'),(785,246,'ar',175,'1982'),(786,247,'ar',175,'1983'),(787,248,'ar',175,'1984'),(788,249,'ar',175,'1985'),(789,250,'ar',175,'1986'),(790,251,'ar',175,'1987'),(791,252,'ar',175,'1988'),(792,253,'ar',175,'1989'),(793,254,'ar',175,'1990'),(794,255,'ar',175,'1991'),(795,256,'ar',175,'1992'),(796,257,'ar',175,'1993'),(797,258,'ar',175,'1994'),(798,259,'ar',175,'1995'),(799,260,'ar',175,'1996'),(800,261,'ar',175,'1997'),(801,262,'ar',175,'1998'),(802,263,'ar',175,'1999'),(803,264,'ar',175,'2000'),(804,265,'ar',175,'2001'),(805,266,'ar',175,'2002'),(806,267,'ar',175,'2003'),(807,268,'ar',175,'2004'),(808,269,'ar',175,'2005'),(809,270,'ar',175,'2006'),(810,271,'ar',175,'2007'),(811,272,'ar',175,'2008'),(812,273,'ar',175,'2009'),(813,274,'ar',175,'2010'),(814,275,'ar',175,'2011'),(815,276,'ar',175,'2012'),(816,277,'ar',175,'2013'),(817,278,'ar',175,'2014'),(818,279,'ar',175,'2015'),(819,280,'ar',175,'2016'),(820,281,'ar',175,'2017'),(821,282,'ar',175,'2018'),(822,283,'ar',175,'2019'),(823,284,'ar',175,'2020'),(824,285,'ar',175,'2021'),(825,286,'ar',175,'2022'),(826,287,'ar',175,'2023'),(827,288,'ar',176,'مالك'),(828,289,'ar',176,'تاجر\r\n'),(829,290,'ar',176,'وكالة البيع / المملوكة مسبقًا\r\n'),(830,291,'ar',177,'نعم'),(831,292,'ar',177,'لا'),(832,293,'ar',177,'لا ينطبق\r\n'),(833,294,'ar',178,'3'),(834,295,'ar',178,'4'),(835,296,'ar',178,'5'),(836,297,'ar',178,'6'),(837,298,'ar',178,'8'),(838,299,'ar',178,'10'),(839,300,'ar',178,'12'),(840,301,'ar',178,'مجهول\r\n'),(841,302,'ar',182,'أقل من 150 حصان'),(842,303,'ar',182,'150-200 حصان\r\n'),(843,304,'ar',182,'200 - 300 حصان\r\n'),(844,305,'ar',182,'300 - 400 حصان'),(845,306,'ar',182,'400+ حصان'),(846,307,'ar',182,'مجهول\r\n'),(847,308,'ar',183,'علامة تجارية جديدة\r\n'),(848,309,'ar',183,'0-1 شهر'),(849,310,'ar',183,'1-6 شهر'),(850,311,'ar',183,'6-12 شهور'),(851,312,'ar',183,'1-2 سنين'),(852,313,'ar',183,'2-5 سنين'),(853,314,'ar',183,'5-10 سنين'),(854,315,'ar',183,'10+ سنين'),(855,316,'ar',184,'لا يزال مع التاجر\r\n'),(856,317,'ar',184,'تستخدم مرة واحدة فقط منذ شرائها جديدة\r\n'),(857,318,'ar',184,'تم استخدامه عدة مرات منذ شرائه جديدًا\r\n'),(858,319,'ar',184,'تستخدم مرة أو مرتين في الشهر منذ شرائها\r\n'),(859,320,'ar',184,'تستخدم عدة مرات في الأسبوع منذ شرائها\r\n'),(860,321,'ar',185,'مثالي من الداخل والخارج\r\n'),(861,322,'ar',185,'لا توجد مشاكل أو عيوب ملحوظة تقريبًا\r\n'),(862,323,'ar',185,'قليل من البلى ، لكن في حالة عمل جيدة\r\n'),(863,324,'ar',185,'البلى العادي بالنسبة لعمر العنصر ، بعض المشاكل هنا وهناك\r\n'),(864,325,'ar',185,'فوق المتوسط ​​البلى. قد يحتاج العنصر إلى القليل من الإصلاح ليعمل بشكل صحيح\r\n'),(865,326,'ar',186,'مالك'),(866,327,'ar',186,'تاجر'),(867,328,'ar',186,'وكالة البيع / المملوكة مسبقًا\r\n'),(868,329,'ar',187,'نعم\r\n'),(869,330,'ar',187,'لا\r\n'),(870,331,'ar',187,'لا ينطبق\r\n'),(871,332,'ar',188,'أقل من 10 قدم'),(872,333,'ar',188,'10-14 قدم\r\n'),(873,334,'ar',188,'15-19 قدم'),(874,335,'ar',188,'20-24 قدم'),(875,336,'ar',188,'25-29 قدم'),(876,337,'ar',188,'30-39 قدم'),(877,338,'ar',188,'40-40 قدم'),(878,339,'ar',188,'50-69 قدم'),(879,340,'ar',188,'70-100 قدم'),(880,341,'ar',188,'100+ قدم'),(881,342,'ar',126,'المواصفات الخليجية\r\n'),(882,343,'ar',126,'المواصفات الأمريكية\r\n'),(883,344,'ar',126,'المواصفات الكندية\r\n'),(884,345,'ar',126,'المواصفات الأوروبية\r\n'),(885,346,'ar',126,'المواصفات اليابانية\r\n'),(886,347,'ar',126,'آخر'),(887,348,'ar',127,'1921'),(888,349,'ar',127,'1922'),(889,350,'ar',127,'1923'),(890,351,'ar',127,'1924'),(891,352,'ar',127,'1925'),(892,353,'ar',127,'1926'),(893,354,'ar',127,'1927'),(894,355,'ar',127,'1928'),(895,356,'ar',127,'1929'),(896,357,'ar',127,'1930'),(897,358,'ar',127,'1931'),(898,359,'ar',127,'1932'),(899,360,'ar',127,'1933'),(900,361,'ar',127,'1934'),(901,362,'ar',127,'1935'),(902,363,'ar',127,'1936'),(903,364,'ar',127,'1937'),(904,365,'ar',127,'1938'),(905,366,'ar',127,'1939'),(906,367,'ar',127,'1940'),(907,368,'ar',127,'1941'),(908,369,'ar',127,'1942'),(909,370,'ar',127,'1943'),(910,371,'ar',127,'1944'),(911,372,'ar',127,'1945'),(912,373,'ar',127,'1946'),(913,374,'ar',127,'1947'),(914,375,'ar',127,'1948'),(915,376,'ar',127,'1949'),(916,377,'ar',127,'1950'),(917,378,'ar',127,'1951'),(918,379,'ar',127,'1952'),(919,380,'ar',127,'1953'),(920,381,'ar',127,'1954'),(921,382,'ar',127,'1955'),(922,383,'ar',127,'1956'),(923,384,'ar',127,'1957'),(924,385,'ar',127,'1958'),(925,386,'ar',127,'1959'),(926,387,'ar',127,'1960'),(927,388,'ar',127,'1961'),(928,389,'ar',127,'1962'),(929,390,'ar',127,'1963'),(930,391,'ar',127,'1964'),(931,392,'ar',127,'1965'),(932,393,'ar',127,'1966'),(933,394,'ar',127,'1967'),(934,395,'ar',127,'1968'),(935,396,'ar',127,'1969'),(936,397,'ar',127,'1970'),(937,398,'ar',127,'1971'),(938,399,'ar',127,'1972'),(939,400,'ar',127,'1973'),(940,401,'ar',127,'1974'),(941,402,'ar',127,'1975'),(942,403,'ar',127,'1976'),(943,404,'ar',127,'1977'),(944,405,'ar',127,'1978'),(945,406,'ar',127,'1979'),(946,407,'ar',127,'1980'),(947,408,'ar',127,'1981'),(948,409,'ar',127,'1982'),(949,410,'ar',127,'1983'),(950,411,'ar',127,'1984'),(951,412,'ar',127,'1985'),(952,413,'ar',127,'1986'),(953,414,'ar',127,'1987'),(954,415,'ar',127,'1988'),(955,416,'ar',127,'1989'),(956,417,'ar',127,'1990'),(957,418,'ar',127,'1991'),(958,419,'ar',127,'1992'),(959,420,'ar',127,'1993'),(960,421,'ar',127,'1994'),(961,422,'ar',127,'1995'),(962,423,'ar',127,'1996'),(963,424,'ar',127,'1997'),(964,425,'ar',127,'1998'),(965,426,'ar',127,'1999'),(966,427,'ar',127,'2000'),(967,428,'ar',127,'2001'),(968,429,'ar',127,'2002'),(969,430,'ar',127,'2003'),(970,431,'ar',127,'2004'),(971,432,'ar',127,'2005'),(972,433,'ar',127,'2006'),(973,434,'ar',127,'2007'),(974,435,'ar',127,'2008'),(975,436,'ar',127,'2009'),(976,437,'ar',127,'2010'),(977,438,'ar',127,'2011'),(978,439,'ar',127,'2012'),(979,440,'ar',127,'2013'),(980,441,'ar',127,'2014'),(981,442,'ar',127,'2015'),(982,443,'ar',127,'2016'),(983,444,'ar',127,'2017'),(984,445,'ar',127,'2018'),(985,446,'ar',127,'2019'),(986,447,'ar',127,'2020'),(987,448,'ar',127,'2021'),(988,449,'ar',127,'2022'),(989,450,'ar',127,'2023'),(990,451,'ar',129,'نعم'),(991,452,'ar',129,'لا'),(992,453,'ar',130,'الغازولين\r\n'),(993,454,'ar',130,'ديزل'),(994,455,'ar',130,'هجين'),(995,456,'ar',130,'كهربائي'),(996,457,'ar',131,'مثالي من الداخل والخارج\r\n'),(997,458,'ar',131,'بدون حوادث ، عيوب قليلة جدا\r\n'),(998,459,'ar',131,'قليلا من البلى ، كل إصلاح\r\n'),(999,460,'ar',131,'البلى العادي ، بعض المشاكل\r\n'),(1000,461,'ar',131,'الكثير من البلى في الجسم\r\n'),(1001,462,'ar',132,'مثالي من الداخل والخارج\r\n'),(1002,463,'ar',132,'أخطاء بسيطة ، كلها ثابتة\r\n'),(1003,464,'ar',132,'أخطاء كبيرة ، كلها ثابتة\r\n'),(1004,465,'ar',132,'خطأ كبير ثابت ، تبقى صغيرة\r\n'),(1005,466,'ar',132,'استمرار وجود أخطاء طفيفة وكبيرة\r\n'),(1006,467,'ar',133,'أسود\r\n'),(1007,468,'ar',133,'أزرق'),(1008,469,'ar',133,'بني'),(1009,470,'ar',133,'بورجوندي'),(1010,471,'ar',133,'ذهب'),(1011,472,'ar',133,'رمادي'),(1012,473,'ar',133,'البرتقالي\r\n'),(1013,474,'ar',133,'أخضر'),(1014,475,'ar',133,'أرجواني'),(1015,476,'ar',133,'أحمر'),(1016,477,'ar',133,'فضة'),(1017,478,'ar',133,'اللون البيج\r\n'),(1018,479,'ar',133,'تان'),(1019,480,'ar',133,'بط نهري صغير\r\n'),(1020,481,'ar',133,'أبيض'),(1021,482,'ar',133,'أصفر\r\n'),(1022,483,'ar',133,'لون آخر\r\n'),(1023,484,'ar',134,'اللون البيج\r\n'),(1024,485,'ar',134,'أسود'),(1025,486,'ar',134,'أزرق'),(1026,487,'ar',134,'بني'),(1027,488,'ar',134,'أخضر\r\n'),(1028,489,'ar',134,'رمادي'),(1029,490,'ar',134,'البرتقالي\r\n'),(1030,491,'ar',134,'أحمر'),(1031,492,'ar',134,'تان'),(1032,493,'ar',134,'أبيض'),(1033,494,'ar',134,'أصفر'),(1034,495,'ar',134,'لون آخر\r\n'),(1035,496,'ar',135,'2 باب'),(1036,497,'ar',135,'3 باب'),(1037,498,'ar',135,'4 باب'),(1038,499,'ar',135,'5+ أبواب'),(1039,500,'ar',136,'3'),(1040,501,'ar',136,'4'),(1041,502,'ar',136,'5'),(1042,503,'ar',136,'6'),(1043,504,'ar',136,'8'),(1044,505,'ar',136,'10'),(1045,506,'ar',136,'12'),(1046,507,'ar',136,'مجهول'),(1047,508,'ar',136,'لا أحد\r\n'),(1048,509,'ar',137,'ناقل الحركة اليدوي\r\n'),(1049,510,'ar',137,'إنتقال تلقائي\r\n'),(1050,511,'ar',138,'كوبيه\r\n'),(1051,512,'ar',138,'عبور\r\n'),(1052,513,'ar',138,'هارد توب للتحويل\r\n'),(1053,514,'ar',138,'هاتشباك\r\n'),(1054,515,'ar',138,'بيك اب شاحنة\r\n'),(1055,516,'ar',138,'سيدان'),(1056,517,'ar',138,'سوفت توب للتحويل\r\n'),(1057,518,'ar',138,'سيارة رياضية\r\n'),(1058,519,'ar',138,'سيارات الدفع الرباعي\r\n'),(1059,520,'ar',138,'شاحنة المرافق\r\n'),(1060,521,'ar',138,'سيارة نقل\r\n'),(1061,522,'ar',138,'عربة\r\n'),(1062,523,'ar',138,'آخر'),(1063,524,'ar',139,'أقل من 150 قوة حصان'),(1064,525,'ar',139,'150 - 200 قوة حصان'),(1065,526,'ar',139,'200 - 300 قوة حصان'),(1066,527,'ar',139,'300 - 400 قوة حصان'),(1067,528,'ar',139,'400 - 500 قوة حصان'),(1068,529,'ar',139,'500 - 600 قوة حصان'),(1069,530,'ar',139,'600 - 700 قوة حصان'),(1070,531,'ar',139,'700 - 800 قوة حصان'),(1071,532,'ar',139,'800 - 900 قوة حصان'),(1072,533,'ar',139,'900+ قوة حصان'),(1073,534,'ar',139,'مجهول'),(1074,535,'ar',140,'الجانب الأيسر\r\n'),(1075,536,'ar',140,'الجانب الأيمن\r\n'),(1076,537,'ar',189,'نعم'),(1077,538,'ar',189,'لا'),(1078,539,'ar',189,'لا ينطبق\r\n'),(1079,540,'en',1,'Abarth'),(1080,541,'en',1,'Acura'),(1081,542,'en',1,'Alfa Romeo'),(1082,543,'en',1,'Ariel'),(1083,544,'en',1,'Aston Martin'),(1084,545,'en',1,'Audi'),(1085,546,'en',1,'BAC'),(1086,547,'en',1,'BAIC'),(1087,548,'en',1,'Bentley'),(1088,549,'en',1,'Bestune'),(1089,550,'en',1,'Bizzarrini'),(1090,551,'en',1,'BMW'),(1091,552,'en',1,'Borgward'),(1092,553,'en',1,'Brilliance'),(1093,554,'en',1,'Bufori'),(1094,555,'en',1,'Bugatti'),(1095,556,'en',1,'Buick'),(1096,557,'en',1,'BYD'),(1097,558,'en',1,'Cadilliac'),(1098,559,'en',1,'Can-am'),(1099,560,'en',1,'Caterham'),(1100,561,'en',1,'CEVO'),(1101,562,'en',1,'Changan'),(1102,563,'en',1,'Chery'),(1103,564,'en',1,'Chevrolet'),(1104,565,'en',1,'Chrysler'),(1105,566,'en',1,'Citroen'),(1106,567,'en',1,'CMC'),(1107,568,'en',1,'Daewoo'),(1108,569,'en',1,'Daihatsu'),(1109,570,'en',1,'Datsun'),(1110,571,'en',1,'DeLorean'),(1111,572,'en',1,'DFSK'),(1112,573,'en',1,'Dodge'),(1113,574,'en',1,'DongFeng'),(1114,575,'en',1,'Dorcen'),(1115,576,'en',1,'Equus'),(1116,577,'en',1,'Faw'),(1117,578,'en',1,'Fenyr'),(1118,579,'en',1,'Ferrari'),(1119,580,'en',1,'Fiat'),(1120,581,'en',1,'Fisker'),(1121,582,'en',1,'FORCE'),(1122,583,'en',1,'Ford'),(1123,584,'en',1,'Foton'),(1124,585,'en',1,'GAC'),(1125,586,'en',1,'GAC Gonow'),(1126,587,'en',1,'Geely'),(1127,588,'en',1,'Genesis'),(1128,589,'en',1,'GMC'),(1129,590,'en',1,'Grand Tiger'),(1130,591,'en',1,'Great Wall'),(1131,592,'en',1,'Gumpert'),(1132,593,'en',1,'Haval'),(1133,594,'en',1,'HiPhi'),(1134,595,'en',1,'Honda'),(1135,596,'en',1,'Hongqi'),(1136,597,'en',1,'Hummer'),(1137,598,'en',1,'Hyundai'),(1138,599,'en',1,'Infiniti'),(1139,600,'en',1,'International'),(1140,601,'en',1,'Isuzu'),(1141,602,'en',1,'Iveco'),(1142,603,'en',1,'JAC'),(1143,604,'en',1,'Jaguar'),(1144,605,'en',1,'Jeep'),(1145,606,'en',1,'Jetour'),(1146,607,'en',1,'Jinbei'),(1147,608,'en',1,'JMC'),(1148,609,'en',1,'Kia'),(1149,610,'en',1,'King LONG'),(1150,611,'en',1,'Koenigsegg'),(1151,612,'en',1,'KTM'),(1152,613,'en',1,'Lada'),(1153,614,'en',1,'Lamborghini'),(1154,615,'en',1,'Lancia'),(1155,616,'en',1,'Land Rover'),(1156,617,'en',1,'LEVC'),(1157,618,'en',1,'Lexus'),(1158,619,'en',1,'Lincoln'),(1159,620,'en',1,'Lotus'),(1160,621,'en',1,'Luxgen'),(1161,622,'en',1,'Mahindra'),(1162,623,'en',1,'Maserati'),(1163,624,'en',1,'Maxus'),(1164,625,'en',1,'Maybach'),(1165,626,'en',1,'Mazda'),(1166,627,'en',1,'McLaren'),(1167,628,'en',1,'Mercedes-Benz'),(1168,629,'en',1,'Mercedes-Maybach'),(1169,630,'en',1,'Mercury'),(1170,631,'en',1,'MG'),(1171,632,'en',1,'Milan'),(1172,633,'en',1,'MINI'),(1173,634,'en',1,'Mitsubishi'),(1174,635,'en',1,'Morgan'),(1175,636,'en',1,'Morris'),(1176,637,'en',1,'Nio'),(1177,638,'en',1,'Nissan'),(1178,639,'en',1,'Noble'),(1179,640,'en',1,'Opel'),(1180,641,'en',1,'Oullim'),(1181,642,'en',1,'Pagani'),(1182,643,'en',1,'PAL-V'),(1183,644,'en',1,'Peugeot'),(1184,645,'en',1,'PGO'),(1185,646,'en',1,'Polestar'),(1186,647,'en',1,'Pontiac'),(1187,648,'en',1,'Porsche'),(1188,649,'en',1,'Proton'),(1189,650,'en',1,'RAM'),(1190,651,'en',1,'Renault'),(1191,652,'en',1,'Rivian'),(1192,653,'en',1,'Rolls Royce'),(1193,654,'en',1,'Rover'),(1194,655,'en',1,'Saab'),(1195,656,'en',1,'Seat'),(1196,657,'en',1,'Shenlong/Sunlong'),(1197,658,'en',1,'Skoda'),(1198,659,'en',1,'Smart'),(1199,660,'en',1,'Soueast'),(1200,661,'en',1,'Speranza'),(1201,662,'en',1,'Spyker'),(1202,663,'en',1,'Ssang Yong'),(1203,664,'en',1,'Subaru'),(1204,665,'en',1,'Suzuki'),(1205,666,'en',1,'TATA'),(1206,667,'en',1,'Tesla'),(1207,668,'en',1,'Toyota'),(1208,669,'en',1,'UAZ'),(1209,670,'en',1,'Victory'),(1210,671,'en',1,'Volkswagen'),(1211,672,'en',1,'Volvo'),(1212,673,'en',1,'W Motors'),(1213,674,'en',1,'Westfield Sportscars'),(1214,675,'en',1,'Wiesmann'),(1215,676,'en',1,'XPeng'),(1216,677,'en',1,'ZNA'),(1217,678,'en',1,'Zotye'),(1218,679,'en',1,'Fengon'),(1219,680,'en',1,'Lynk & Co'),(1220,681,'en',1,'Mercedes-AMG'),(1221,682,'en',1,'Other Make'),(1222,683,'en',1,'Qiantu'),(1223,684,'en',1,'Studebaker'),(1224,685,'en',1,'TANK'),(1225,686,'en',1,'Triumph'),(1226,687,'en',1,'Voyah'),(1227,688,'en',1,'Zeekr'),(1228,540,'ar',123,'أبارث'),(1229,541,'ar',123,'أكورا'),(1230,542,'ar',123,'الفا روميو\r\n'),(1231,543,'ar',123,'ارييل'),(1232,544,'ar',123,'استون مارتن\r\n'),(1233,545,'ar',123,'أودي\r\n'),(1234,546,'ar',123,'باك'),(1235,547,'ar',123,'بايك\r\n'),(1236,548,'ar',123,'بنتلي'),(1237,549,'ar',123,'بيستون'),(1238,550,'ar',123,'بيزاريني'),(1239,551,'ar',123,'بي ام دبليو\r\n'),(1240,552,'ar',123,'بورجوارد'),(1241,553,'ar',123,'تألق\r\n'),(1242,554,'ar',123,'بوفوري\r\n'),(1243,555,'ar',123,'بوجاتي\r\n'),(1244,556,'ar',123,'بويك\r\n'),(1245,557,'ar',123,'BYD'),(1246,558,'ar',123,'كاديلاك\r\n'),(1247,559,'ar',123,'Can-am'),(1248,560,'ar',123,'كاترهام'),(1249,561,'ar',123,'CEVO'),(1250,562,'ar',123,'تشانجان\r\n'),(1251,563,'ar',123,'شيري'),(1252,564,'ar',123,'شيفروليه\r\n'),(1253,565,'ar',123,'كرايسلر\r\n'),(1254,566,'ar',123,'سيتروين\r\n'),(1255,567,'ar',123,'CMC'),(1256,568,'ar',123,'دايو'),(1257,569,'ar',123,'دايهاتسو\r\n'),(1258,570,'ar',123,'داتسون\r\n'),(1259,571,'ar',123,'ديلوريان\r\n'),(1260,572,'ar',123,'دفسك\r\n'),(1261,573,'ar',123,'يتملص\r\n'),(1262,574,'ar',123,'دونغفنغ\r\n'),(1263,575,'ar',123,'دورسين'),(1264,576,'ar',123,'ايكوس\r\n'),(1265,577,'ar',123,'الفاو'),(1266,578,'ar',123,'فينير\r\n'),(1267,579,'ar',123,'فيراري'),(1268,580,'ar',123,'فيات\r\n'),(1269,581,'ar',123,'فيسكر'),(1270,582,'ar',123,'قوة'),(1271,583,'ar',123,'معقل'),(1272,584,'ar',123,'فوتون'),(1273,585,'ar',123,'GAC'),(1274,586,'ar',123,'GAC Gonow'),(1275,587,'ar',123,'جيلي'),(1276,588,'ar',123,'منشأ\r\n'),(1277,589,'ar',123,'جي ام سي\r\n'),(1278,590,'ar',123,'النمر الكبير\r\n'),(1279,591,'ar',123,'حائط عظيم\r\n'),(1280,592,'ar',123,'جومبيرت\r\n'),(1281,593,'ar',123,'هفال'),(1282,594,'ar',123,'HiPhi'),(1283,595,'ar',123,'هوندا'),(1284,596,'ar',123,'هونغ تشي\r\n'),(1285,597,'ar',123,'همر'),(1286,598,'ar',123,'هيونداي'),(1287,599,'ar',123,'إنفينيتي'),(1288,600,'ar',123,'دولي'),(1289,601,'ar',123,'ايسوزو'),(1290,602,'ar',123,'إيفيكو\r\n'),(1291,603,'ar',123,'جاك'),(1292,604,'ar',123,'جاكوار'),(1293,605,'ar',123,'جيب'),(1294,606,'ar',123,'جيتور\r\n'),(1295,607,'ar',123,'جينبي'),(1296,608,'ar',123,'JMC'),(1297,609,'ar',123,'كيا'),(1298,610,'ar',123,'الملك لونغ\r\n'),(1299,611,'ar',123,'كوينيجسيج\r\n'),(1300,612,'ar',123,'KTM'),(1301,613,'ar',123,'لادا'),(1302,614,'ar',123,'لامبورغيني\r\n'),(1303,615,'ar',123,'لانسيا'),(1304,616,'ar',123,'لاند روفر\r\n'),(1305,617,'ar',123,'ليفك'),(1306,618,'ar',123,'لكزس'),(1307,619,'ar',123,'لينكولن'),(1308,620,'ar',123,'لوتس'),(1309,621,'ar',123,'لوكسجن\r\n'),(1310,622,'ar',123,'ماهيندرا\r\n'),(1311,623,'ar',123,'مازيراتي\r\n'),(1312,624,'ar',123,'ماكسوس\r\n'),(1313,625,'ar',123,'مايباخ'),(1314,626,'ar',123,'مازدا\r\n'),(1315,627,'ar',123,'ماكلارين'),(1316,628,'ar',123,'مرسيدس بنز\r\n'),(1317,629,'ar',123,'مرسيدس مايباخ\r\n'),(1318,630,'ar',123,'الزئبق\r\n'),(1319,631,'ar',123,'MG'),(1320,632,'ar',123,'ميلان\r\n'),(1321,633,'ar',123,'ميني'),(1322,634,'ar',123,'ميتسوبيشي\r\n'),(1323,635,'ar',123,'مورغان\r\n'),(1324,636,'ar',123,'موريس'),(1325,637,'ar',123,'نيو'),(1326,638,'ar',123,'نيسان'),(1327,639,'ar',123,'النبيل'),(1328,640,'ar',123,'أوبل'),(1329,641,'ar',123,'اوليم'),(1330,642,'ar',123,'باجاني'),(1331,643,'ar',123,'PAL-V'),(1332,644,'ar',123,'بيجو'),(1333,645,'ar',123,'PGO'),(1334,646,'ar',123,'النجم القطبي\r\n'),(1335,647,'ar',123,'بونتياك\r\n'),(1336,648,'ar',123,'بورش\r\n'),(1337,649,'ar',123,'بروتون'),(1338,650,'ar',123,'RAM'),(1339,651,'ar',123,'رينو'),(1340,652,'ar',123,'ريفيان'),(1341,653,'ar',123,'رولزرويس'),(1342,654,'ar',123,'روفر\r\n'),(1343,655,'ar',123,'صعب'),(1344,656,'ar',123,'مقعد'),(1345,657,'ar',123,'Shenlong/Sunlong'),(1346,658,'ar',123,'سكودا'),(1347,659,'ar',123,'ذكي'),(1348,660,'ar',123,'ساويست'),(1349,661,'ar',123,'اسبيرانزا\r\n'),(1350,662,'ar',123,'سبايكر'),(1351,663,'ar',123,'سانج يونج\r\n'),(1352,664,'ar',123,'سوبارو'),(1353,665,'ar',123,'سوزوكي'),(1354,666,'ar',123,'تاتا'),(1355,667,'ar',123,'تسلا'),(1356,668,'ar',123,'تويوتا\r\n'),(1357,669,'ar',123,'UAZ'),(1358,670,'ar',123,'فوز'),(1359,671,'ar',123,'فولكس فاجن\r\n'),(1360,672,'ar',123,'فولفو\r\n'),(1361,673,'ar',123,'دبليو موتورز\r\n'),(1362,674,'ar',123,'ويستفيلد سبورتسكارز\r\n'),(1363,675,'ar',123,'وايزمان\r\n'),(1364,676,'ar',123,'XPeng'),(1365,677,'ar',123,'ZNA'),(1366,678,'ar',123,'زوتي'),(1367,679,'ar',123,'فنغون\r\n'),(1368,680,'ar',123,'لينك وشركاه\r\n'),(1369,681,'ar',123,'مرسيدس- AMG\r\n'),(1370,682,'ar',123,'نوع آخر\r\n'),(1371,683,'ar',123,'كيانتو\r\n'),(1372,684,'ar',123,'ستوديبيكر\r\n'),(1373,685,'ar',123,'خزان\r\n'),(1374,686,'ar',123,'انتصار'),(1375,687,'ar',123,'فوياه\r\n'),(1376,688,'ar',123,'زكر\r\n');

/*Table structure for table `category_attributes_values` */

CREATE TABLE `category_attributes_values` (
  `value_id` int(50) NOT NULL AUTO_INCREMENT,
  `attribute_id` int(50) NOT NULL,
  `ad_id` int(50) NOT NULL,
  `value` varchar(50) NOT NULL,
  PRIMARY KEY (`value_id`)
) ENGINE=InnoDB AUTO_INCREMENT=504 DEFAULT CHARSET=utf8;

/*Data for the table `category_attributes_values` */

insert  into `category_attributes_values`(`value_id`,`attribute_id`,`ad_id`,`value`) values (1,1,4,'Audi'),(2,2,4,'2023'),(3,3,4,''),(4,4,4,'American Specs'),(5,5,4,'2023'),(6,6,4,'20'),(7,7,4,'Yes'),(8,8,4,'Diesel'),(9,9,4,'Perfect inside and out'),(10,10,4,'Perfect inside and out'),(11,11,4,'Black'),(12,12,4,'Black'),(13,13,4,'4 door'),(14,14,4,''),(15,15,4,'Automatic Transmission'),(16,16,4,''),(17,17,4,''),(18,18,4,'Right Hand Side'),(19,67,4,'Yes'),(20,69,4,'Climate Control'),(21,70,4,'Cooled Seats'),(22,71,4,'DVD Player'),(23,72,4,'Front Wheel Drive'),(24,73,4,'Keyless Entry'),(25,74,4,'Leather Seats'),(26,75,4,'Navigation System'),(27,76,4,'Parking Sensors'),(28,77,4,'Premium Sound System'),(29,78,4,'Rear View Camera'),(30,79,4,'All Wheel Steering'),(31,80,4,'AM/FM Radio'),(32,81,4,'Anti-Lock Brakes/ABS'),(33,82,4,'Aux Audio In'),(34,83,4,'Bluetooth System'),(35,84,4,'Body Kit'),(36,85,4,'Brush Guard'),(37,86,4,'Cassette Player'),(38,87,4,'CD Player'),(39,88,4,'Cruise Control'),(40,89,4,'Dual Exhaust'),(41,90,4,'Fog Lights'),(42,91,4,'Front Airbags'),(43,92,4,'Heat'),(44,93,4,'Heated Seats'),(45,94,4,'Keyless Start'),(46,95,4,'Moonroof'),(47,96,4,'N2O System'),(48,97,4,'Off-Road Kit'),(49,98,4,'Off-Road Tyres'),(50,99,4,'Performance Tyres'),(51,100,4,'Power Locks'),(52,101,4,'Power Mirrors'),(53,102,4,'Power Seats'),(54,103,4,'Power Steering'),(55,104,4,'Power Sunroof'),(56,105,4,'Power Windows'),(57,106,4,'Premium Lights'),(58,107,4,'Premium Paint'),(59,108,4,'Premium Wheels/Rims'),(60,109,4,'Racing Seats'),(61,110,4,'Rear Wheel Drive'),(62,111,4,'Roof Rack'),(63,112,4,'Satellite Radio'),(64,113,4,'Side Airbags'),(65,114,4,'Spoiler'),(66,115,4,'Sunroof'),(67,116,4,'Tiptronic Gears'),(68,117,4,'4 Wheel Drive'),(69,118,4,'Air Conditioning'),(70,119,4,'Alarm/Anti-Theft System'),(71,120,4,'All Wheel Drive'),(72,121,4,'VHS Player'),(73,122,4,'Winch'),(74,49,5,'Diesel'),(75,50,5,'22'),(76,51,5,'Perfect inside and out'),(77,52,5,'Perfect inside and out'),(78,53,5,'2021'),(79,54,5,'Owner'),(80,55,5,'Yes'),(81,56,5,'3'),(82,57,5,'toyoy'),(83,58,5,'me'),(84,59,5,'33'),(85,60,5,'150 - 200 HP'),(86,19,6,'Only used once since it was purchased new'),(87,20,6,''),(88,21,6,''),(89,22,6,''),(90,23,6,'No'),(91,24,6,''),(92,25,6,''),(93,26,6,'Benelli'),(94,27,6,'250cc - 499cc'),(95,19,7,''),(96,20,7,''),(97,21,7,''),(98,22,7,''),(99,23,7,''),(100,24,7,''),(101,25,7,''),(102,26,7,''),(103,27,7,''),(104,0,7,''),(105,0,7,'Select One'),(106,0,7,'1'),(107,1,8,'Make Toyota'),(108,2,8,'Adidas'),(109,3,8,''),(110,4,8,'Canadian Specs'),(111,5,8,'1928'),(112,6,8,'56'),(113,7,8,'No'),(114,8,8,''),(115,9,8,''),(116,10,8,''),(117,11,8,''),(118,12,8,'Black'),(119,13,8,'3 door'),(120,14,8,'10'),(121,15,8,''),(122,16,8,''),(123,17,8,''),(124,18,8,''),(125,67,8,''),(126,71,8,'DVD Player'),(127,72,8,'Front Wheel Drive'),(128,73,8,'Keyless Entry'),(129,96,8,'N2O System'),(130,97,8,'Off-Road Kit'),(131,98,8,'Off-Road Tyres'),(132,0,8,'Za\'abeel, Zabeel'),(133,0,8,'4'),(134,0,8,'1'),(135,1,9,'Make 2 Adidas'),(136,2,9,'Lamborghini'),(137,3,9,''),(138,4,9,'GCC Specs'),(139,5,9,'1921'),(140,6,9,'1'),(141,7,9,'No'),(142,8,9,'Gasoline'),(143,9,9,''),(144,10,9,'Perfect inside and out'),(145,11,9,'Black'),(146,12,9,'Beige'),(147,13,9,'2 door'),(148,14,9,'3'),(149,15,9,'Automatic Transmission'),(150,16,9,'Crossover'),(151,17,9,'Less than 150 HP'),(152,18,9,'Right Hand Side'),(153,67,9,'No'),(154,69,9,'Climate Control'),(155,70,9,'Cooled Seats'),(156,71,9,'DVD Player'),(157,72,9,'Front Wheel Drive'),(158,73,9,'Keyless Entry'),(159,74,9,'Leather Seats'),(160,80,9,'AM/FM Radio'),(161,82,9,'Aux Audio In'),(162,83,9,'Bluetooth System'),(163,85,9,'Brush Guard'),(164,86,9,'Cassette Player'),(165,87,9,'CD Player'),(166,88,9,'Cruise Control'),(167,89,9,'Dual Exhaust'),(168,90,9,'Fog Lights'),(169,91,9,'Front Airbags'),(170,93,9,'Heated Seats'),(171,97,9,'Off-Road Kit'),(172,98,9,'Off-Road Tyres'),(173,99,9,'Performance Tyres'),(174,100,9,'Power Locks'),(175,105,9,'Power Windows'),(176,106,9,'Premium Lights'),(177,107,9,'Premium Paint'),(178,108,9,'Premium Wheels/Rims'),(179,110,9,'Rear Wheel Drive'),(180,115,9,'Sunroof'),(181,118,9,'Air Conditioning'),(182,119,9,'Alarm/Anti-Theft System'),(183,122,9,'Winch'),(184,0,9,'Al Badaa\' Street, Trade Centre'),(185,0,9,'4'),(186,0,9,'1'),(187,1,10,'Acura'),(188,2,10,'Model1'),(189,3,10,''),(190,4,10,'GCC Specs'),(191,5,10,'1921'),(192,6,10,'3'),(193,7,10,'No'),(194,8,10,''),(195,9,10,'Perfect inside and out'),(196,10,10,'Perfect inside and out'),(197,11,10,'Black'),(198,12,10,''),(199,13,10,''),(200,14,10,'4'),(201,15,10,''),(202,16,10,'Coupe'),(203,17,10,'Less than 150 HP'),(204,18,10,'Left Hand Side'),(205,67,10,'Yes'),(206,73,10,'Keyless Entry'),(207,74,10,'Leather Seats'),(208,75,10,'Navigation System'),(209,76,10,'Parking Sensors'),(210,77,10,'Premium Sound System'),(211,78,10,'Rear View Camera'),(212,79,10,'All Wheel Steering'),(213,80,10,'AM/FM Radio'),(214,81,10,'Anti-Lock Brakes/ABS'),(215,82,10,'Aux Audio In'),(216,83,10,'Bluetooth System'),(217,84,10,'Body Kit'),(218,85,10,'Brush Guard'),(219,86,10,'Cassette Player'),(220,0,10,'Zabeel Palace, Zabeel'),(221,0,10,'4'),(222,0,10,'1'),(223,1,11,'Acura'),(224,2,11,'Model1'),(225,3,11,''),(226,4,11,'GCC Specs'),(227,5,11,'1921'),(228,6,11,'3'),(229,7,11,'No'),(230,8,11,''),(231,9,11,'Perfect inside and out'),(232,10,11,'Perfect inside and out'),(233,11,11,'Black'),(234,12,11,''),(235,13,11,''),(236,14,11,'4'),(237,15,11,''),(238,16,11,'Coupe'),(239,17,11,'Less than 150 HP'),(240,18,11,'Left Hand Side'),(241,67,11,'Yes'),(242,73,11,'Keyless Entry'),(243,74,11,'Leather Seats'),(244,75,11,'Navigation System'),(245,76,11,'Parking Sensors'),(246,77,11,'Premium Sound System'),(247,78,11,'Rear View Camera'),(248,79,11,'All Wheel Steering'),(249,80,11,'AM/FM Radio'),(250,81,11,'Anti-Lock Brakes/ABS'),(251,82,11,'Aux Audio In'),(252,83,11,'Bluetooth System'),(253,84,11,'Body Kit'),(254,85,11,'Brush Guard'),(255,86,11,'Cassette Player'),(256,0,11,'Zabeel Palace, Zabeel'),(257,0,11,'4'),(258,0,11,'1'),(259,1,12,'Acura'),(260,2,12,'Model1'),(261,3,12,''),(262,4,12,'GCC Specs'),(263,5,12,'1921'),(264,6,12,'3'),(265,7,12,'No'),(266,8,12,''),(267,9,12,'Perfect inside and out'),(268,10,12,'Perfect inside and out'),(269,11,12,'Black'),(270,12,12,''),(271,13,12,''),(272,14,12,'4'),(273,15,12,''),(274,16,12,'Coupe'),(275,17,12,'Less than 150 HP'),(276,18,12,'Left Hand Side'),(277,67,12,'Yes'),(278,73,12,'Keyless Entry'),(279,74,12,'Leather Seats'),(280,75,12,'Navigation System'),(281,76,12,'Parking Sensors'),(282,77,12,'Premium Sound System'),(283,78,12,'Rear View Camera'),(284,79,12,'All Wheel Steering'),(285,80,12,'AM/FM Radio'),(286,81,12,'Anti-Lock Brakes/ABS'),(287,82,12,'Aux Audio In'),(288,83,12,'Bluetooth System'),(289,84,12,'Body Kit'),(290,85,12,'Brush Guard'),(291,86,12,'Cassette Player'),(292,0,12,'Zabeel Palace, Zabeel'),(293,0,12,'4'),(294,0,12,'1'),(295,1,13,'Toyota'),(296,2,13,'City'),(297,3,13,''),(298,4,13,'American Specs'),(299,5,13,''),(300,6,13,''),(301,7,13,''),(302,8,13,''),(303,9,13,''),(304,10,13,''),(305,11,13,''),(306,12,13,''),(307,13,13,''),(308,14,13,''),(309,15,13,''),(310,16,13,''),(311,17,13,''),(312,18,13,'Left Hand Side'),(313,67,13,''),(314,80,13,'AM/FM Radio'),(315,0,13,'306, Al Wasl Road, Jumeirah'),(316,0,13,'4'),(317,0,13,'1'),(318,1,14,'Toyota'),(319,2,14,'2000'),(320,3,14,''),(321,4,14,'GCC Specs'),(322,5,14,'1921'),(323,6,14,'-1'),(324,7,14,'Yes'),(325,8,14,'Gasoline'),(326,9,14,'Perfect inside and out'),(327,10,14,'Perfect inside and out'),(328,11,14,'Black'),(329,12,14,'Beige'),(330,13,14,'2 door'),(331,14,14,'3'),(332,15,14,'Manual Transmission'),(333,16,14,'Coupe'),(334,17,14,'Less than 150 HP'),(335,18,14,'Left Hand Side'),(336,67,14,'Yes'),(337,69,14,'Climate Control'),(338,71,14,'DVD Player'),(339,72,14,'Front Wheel Drive'),(340,73,14,'Keyless Entry'),(341,74,14,'Leather Seats'),(342,75,14,'Navigation System'),(343,79,14,'All Wheel Steering'),(344,80,14,'AM/FM Radio'),(345,81,14,'Anti-Lock Brakes/ABS'),(346,82,14,'Aux Audio In'),(347,83,14,'Bluetooth System'),(348,84,14,'Body Kit'),(349,0,14,'Mazaya Shopping Centre, Al Badaa\' Street, Al Wasl'),(350,0,14,'4'),(351,0,14,'1'),(352,1,15,'df'),(353,2,15,'df'),(354,3,15,''),(355,4,15,'American Specs'),(356,5,15,''),(357,6,15,''),(358,7,15,''),(359,8,15,'Diesel'),(360,9,15,''),(361,10,15,''),(362,11,15,''),(363,12,15,''),(364,13,15,''),(365,14,15,''),(366,15,15,''),(367,16,15,''),(368,17,15,''),(369,18,15,''),(370,67,15,''),(371,72,15,'Front Wheel Drive'),(372,73,15,'Keyless Entry'),(373,0,15,'Jumeirah'),(374,0,15,'4'),(375,0,15,'1'),(376,123,16,'make'),(377,124,16,''),(378,125,16,''),(379,127,16,'1930'),(380,128,16,''),(381,129,16,''),(382,130,16,''),(383,131,16,''),(384,132,16,''),(385,134,16,''),(386,136,16,''),(387,137,16,''),(388,138,16,''),(389,140,16,''),(390,189,16,''),(391,0,16,'Al Asayel Street, Za\'abeel, Zabeel'),(392,0,16,'62'),(393,0,16,'7'),(394,123,17,'make'),(395,124,17,''),(396,125,17,''),(397,126,17,''),(398,127,17,''),(399,128,17,''),(400,129,17,''),(401,130,17,''),(402,131,17,''),(403,132,17,'أخطاء بسيطة ، كلها ثابتة\r\n'),(404,133,17,''),(405,134,17,''),(406,135,17,''),(407,136,17,'8'),(408,137,17,''),(409,138,17,'بيك اب شاحنة\r\n'),(410,139,17,''),(411,140,17,''),(412,189,17,'لا'),(413,191,17,'مقاعد مبردة'),(414,192,17,'مشغل اسطوانات\r\n'),(415,193,17,'نظام دفع بالعجلات الأمامية\r\n'),(416,198,17,'نظام صوت ممتاز\r\n'),(417,199,17,'كاميرا الرؤية الخلفية\r\n'),(418,0,17,'City Walk, Al Safa Street, Al Bada\'a'),(419,0,17,'62'),(420,0,17,'7'),(421,1,18,'Abarth'),(422,2,18,'Model 1'),(423,3,18,''),(424,4,18,'American Specs'),(425,5,18,'1956'),(426,6,18,'56'),(427,7,18,'No'),(428,8,18,'Diesel'),(429,9,18,'A bit of wear & tear, all repaired'),(430,10,18,''),(431,11,18,''),(432,12,18,'Red'),(433,13,18,'2 door'),(434,14,18,''),(435,15,18,''),(436,16,18,''),(437,17,18,''),(438,18,18,''),(439,67,18,''),(440,71,18,'DVD Player'),(441,72,18,'Front Wheel Drive'),(442,76,18,'Parking Sensors'),(443,77,18,'Premium Sound System'),(444,0,18,'28a Street, Al Wasl'),(445,0,18,'4'),(446,0,18,'1'),(447,123,19,'أكورا'),(448,124,19,''),(449,125,19,''),(450,126,19,'المواصفات الأوروبية\r\n'),(451,127,19,''),(452,128,19,''),(453,129,19,'نعم'),(454,130,19,''),(455,131,19,''),(456,132,19,''),(457,133,19,''),(458,134,19,''),(459,135,19,''),(460,136,19,'8'),(461,137,19,''),(462,138,19,''),(463,139,19,''),(464,140,19,''),(465,189,19,''),(466,191,19,'مقاعد مبردة'),(467,192,19,'مشغل اسطوانات\r\n'),(468,197,19,'مجسات وقوف السيارات\r\n'),(469,0,19,'Toyota building, Financial Center Street, Al Wasl'),(470,0,19,'حدد واحد'),(471,0,19,'7'),(472,123,20,'الفا روميو\r\n'),(473,124,20,''),(474,125,20,''),(475,126,20,''),(476,127,20,'1932'),(477,128,20,''),(478,129,20,''),(479,130,20,''),(480,131,20,'قليلا من البلى ، كل إصلاح\r\n'),(481,132,20,''),(482,133,20,'أبيض'),(483,134,20,'رمادي'),(484,135,20,''),(485,136,20,''),(486,137,20,'ناقل الحركة اليدوي\r\n'),(487,138,20,''),(488,139,20,'500 - 600 قوة حصان'),(489,140,20,'الجانب الأيسر\r\n'),(490,189,20,''),(491,190,20,'التحكم في المناخ\r\n'),(492,191,20,'مقاعد مبردة'),(493,192,20,'مشغل اسطوانات\r\n'),(494,193,20,'نظام دفع بالعجلات الأمامية\r\n'),(495,194,20,'دخول بدون مفتاح\r\n'),(496,199,20,'كاميرا الرؤية الخلفية\r\n'),(497,200,20,'جميع عجلة القيادة\r\n'),(498,201,20,'راديو AM / FM\r\n'),(499,202,20,'الفرامل المانعة للانغلاق / ABS\r\n'),(500,203,20,'مدخل صوت Aux\r\n'),(501,0,20,'Al Satwa Road, Al Bada\'a'),(502,0,20,'62'),(503,0,20,'7');

/*Table structure for table `cities` */

CREATE TABLE `cities` (
  `city_id` int(50) NOT NULL AUTO_INCREMENT,
  `city_id_sal` int(50) DEFAULT NULL,
  `language` varchar(50) DEFAULT NULL,
  `name` varchar(1000) NOT NULL,
  `country_id` int(50) NOT NULL,
  PRIMARY KEY (`city_id`)
) ENGINE=InnoDB AUTO_INCREMENT=79 DEFAULT CHARSET=utf8;

/*Data for the table `cities` */

insert  into `cities`(`city_id`,`city_id_sal`,`language`,`name`,`country_id`) values (1,1,'en','Abu Dhabi',1),(2,2,'en','Ajman',1),(3,3,'en','Al Ain',1),(4,4,'en','Dubai',1),(5,5,'en','Fujairah',1),(6,6,'en','Ras Al Khaimah',1),(7,7,'en','Sharjah',1),(8,8,'en','Umm Al Quwain',1),(9,9,'en','Riyadh',2),(10,10,'en','Jeddah',2),(11,11,'en','Mecca',2),(12,12,'en','Medina',2),(13,13,'en','Dammam',2),(14,14,'en','Taif',2),(15,15,'en','Al Hofuf',2),(16,16,'en','Buraydah',2),(17,17,'en','Al Khobar',2),(18,18,'en','Jubail',2),(19,19,'en','Doha',3),(20,20,'en','Al Wakrah',3),(21,21,'en','Al Khor',3),(22,22,'en','Al Rayyan',3),(23,23,'en','Al Daayen',3),(24,24,'en','Al Shamal',3),(25,25,'en','Umm Salal',3),(26,26,'en','Mesaieed',3),(27,27,'en','Al Wukair',3),(28,28,'en','Dukhan',3),(29,29,'en','Muscat',4),(30,30,'en','Salalah',4),(31,31,'en','Sohar',4),(32,32,'en','Nizwa',4),(33,33,'en','Sur',4),(34,34,'en','Ibri',4),(35,35,'en','Rustaq',4),(36,36,'en','Bahla',4),(37,37,'en','Al Hamra',4),(38,38,'en','Al Mudhaibi',4),(39,39,'en','Manama',5),(40,40,'en','Riffa',5),(41,41,'en','Muharraq',5),(42,42,'en','Hamad Town',5),(43,43,'en','Isa Town',5),(44,44,'en','Sitra',5),(45,45,'en','Juffair',5),(46,46,'en','A\'ali',5),(47,47,'en','Sanad',5),(48,48,'en','Al Quds',5),(49,49,'en','Kuwait City',6),(50,50,'en','Ahmadi',6),(51,51,'en','Jahra',6),(52,52,'en','Salmiya',6),(53,53,'en','Hawalli',6),(54,54,'en','Fahaheel',6),(55,55,'en','Farwaniya',6),(56,56,'en','Sulaibikhat',6),(57,57,'en','Bayan',6),(58,58,'en','Al Jahra',6),(59,1,'ar','أبو ظبي',7),(60,2,'ar','عجمان',7),(61,3,'ar','العين',7),(62,4,'ar','دبي',7),(63,5,'ar','الفجيرة',7),(64,6,'ar','رأس الخيمة',7),(65,7,'ar','الشارقة',7),(66,8,'ar','أم القيوين',7),(67,9,'ar','الرياض',8),(68,10,'ar','جدة',8),(69,11,'ar','مكة المكرمة',8),(70,12,'ar','المدينة المنورة',8),(71,13,'ar','الدمام',8),(72,14,'ar','الطائف',8),(73,15,'ar','الهفوف',8),(74,16,'ar','بريدة',8),(75,17,'ar','الخبر',8),(76,18,'ar','الجبيل',8),(77,19,'ar','الدوحة',9),(78,20,'ar','الوكرة',9);

/*Table structure for table `countries` */

CREATE TABLE `countries` (
  `country_id` int(50) NOT NULL AUTO_INCREMENT,
  `country_id_sal` int(50) DEFAULT NULL,
  `language` varchar(10) CHARACTER SET latin1 DEFAULT NULL,
  `name` varchar(1000) NOT NULL,
  `flag` varchar(50) CHARACTER SET latin1 NOT NULL,
  `dialing_code` varchar(50) CHARACTER SET latin1 NOT NULL,
  `iso_code` varchar(50) CHARACTER SET latin1 NOT NULL,
  `currency` varchar(50) NOT NULL,
  PRIMARY KEY (`country_id`)
) ENGINE=InnoDB AUTO_INCREMENT=14 DEFAULT CHARSET=utf8;

/*Data for the table `countries` */

insert  into `countries`(`country_id`,`country_id_sal`,`language`,`name`,`flag`,`dialing_code`,`iso_code`,`currency`) values (1,1,'en','United Arab Emirates','fi fi-ae','+971','AE','AED'),(2,2,'en','Saudi Arabia','fi fi-sa','+966','SA','SAR'),(3,3,'en','Qatar','fi fi-qa','+974','QA','QR'),(4,4,'en','Oman','fi fi-om','+968','OM','OMR'),(5,5,'en','Bahrain','fi fi-bh','+973','BH','BHD'),(6,6,'en','Kuwait','fi fi-kw','+965','KW','KWD'),(7,1,'ar','الإمارات العربية المتحدة','fi fi-ae','+971','AE','درهم إماراتي'),(8,2,'ar','المملكة العربية السعودية','fi fi-sa','+966','SA','ريال سعودي'),(9,3,'ar','دولة قطر','fi fi-qa','+974','QA','ريال قطري'),(10,4,'ar','سلطنة عمان','fi fi-om','+968','OM','ريال عماني'),(11,5,'ar','البحرين','fi fi-bh','+973','BH','دينار بحريني'),(12,6,'ar','الكويت','fi fi-kw','+965','KW','دينار كويتي');

/*Table structure for table `favorite_ads` */

CREATE TABLE `favorite_ads` (
  `favorite_id` int(11) NOT NULL,
  `user_id` int(11) NOT NULL,
  `ad_id` int(11) NOT NULL,
  `created_at` datetime NOT NULL DEFAULT CURRENT_TIMESTAMP,
  PRIMARY KEY (`favorite_id`)
) ENGINE=InnoDB DEFAULT CHARSET=utf8;

/*Data for the table `favorite_ads` */

/*Table structure for table `membership_plans` */

CREATE TABLE `membership_plans` (
  `plan_id` int(100) NOT NULL AUTO_INCREMENT,
  `plan_id_sal` int(100) DEFAULT NULL,
  `language` varchar(100) DEFAULT NULL,
  `role_id` int(50) DEFAULT NULL,
  `plan_name` varchar(1000) DEFAULT NULL,
  `ad_duration` varchar(50) CHARACTER SET latin1 DEFAULT NULL,
  `no_of_ads` varchar(50) CHARACTER SET latin1 DEFAULT NULL,
  `ad_type` varchar(100) CHARACTER SET latin1 DEFAULT NULL,
  `plan_price` int(50) DEFAULT NULL,
  PRIMARY KEY (`plan_id`)
) ENGINE=InnoDB AUTO_INCREMENT=17 DEFAULT CHARSET=utf8;

/*Data for the table `membership_plans` */

insert  into `membership_plans`(`plan_id`,`plan_id_sal`,`language`,`role_id`,`plan_name`,`ad_duration`,`no_of_ads`,`ad_type`,`plan_price`) values (5,5,'en',1,'Free','7','1','Normal',0),(6,6,'en',1,'Silver','30','1','Normal',0),(7,7,'en',1,'Premium','30+','1','Featured',0),(8,8,'en',2,'Basic','10','5','Normal',0),(9,9,'en',2,'Silver','20','10','Normal',0),(10,10,'en',2,'Premium','30','Unlimited','Featured',0),(11,5,'ar',1,'حر','7','1','Normal',0),(12,6,'ar',1,'فضة','30','1','Normal',0),(13,7,'ar',1,'غالي','30+','1','Featured',0),(14,8,'ar',2,'أساسي','10','5','Normal',0),(15,9,'ar',2,'فضة','20','10','Normal',0),(16,10,'ar',2,'غالي','30','Unlimited','Featured',0);

/*Table structure for table `notifications` */

CREATE TABLE `notifications` (
  `notification_id` int(50) NOT NULL AUTO_INCREMENT,
  `name` text NOT NULL,
  `notifications_criteria_id` int(50) NOT NULL,
  `message_template` varchar(50) NOT NULL,
  `validity_time` time NOT NULL,
  `action` varchar(50) NOT NULL,
  `destinations` varchar(50) NOT NULL,
  `is_enabled` varchar(50) NOT NULL,
  PRIMARY KEY (`notification_id`)
) ENGINE=InnoDB DEFAULT CHARSET=latin1;

/*Data for the table `notifications` */

/*Table structure for table `notifications_criterions` */

CREATE TABLE `notifications_criterions` (
  `notifications_criteria_id` int(50) NOT NULL AUTO_INCREMENT,
  `name` text NOT NULL,
  `parent_criteria_id` int(50) NOT NULL,
  `destinations` varchar(50) NOT NULL,
  `is_enabled` varchar(50) NOT NULL,
  PRIMARY KEY (`notifications_criteria_id`)
) ENGINE=InnoDB DEFAULT CHARSET=latin1;

/*Data for the table `notifications_criterions` */

/*Table structure for table `payment` */

CREATE TABLE `payment` (
  `payment_id` int(50) NOT NULL AUTO_INCREMENT,
  `user_id` int(50) NOT NULL,
  `amount` int(50) NOT NULL,
  `payment_method` text NOT NULL,
  `payment_date` date NOT NULL,
  `transaction_id` int(50) NOT NULL,
  PRIMARY KEY (`payment_id`)
) ENGINE=InnoDB DEFAULT CHARSET=latin1;

/*Data for the table `payment` */

/*Table structure for table `permissions` */

CREATE TABLE `permissions` (
  `permission_id` int(50) NOT NULL AUTO_INCREMENT,
  `type` varchar(50) NOT NULL,
  `entity` text NOT NULL,
  `created_at` time NOT NULL,
  `created_by` text NOT NULL,
  PRIMARY KEY (`permission_id`)
) ENGINE=InnoDB AUTO_INCREMENT=37 DEFAULT CHARSET=latin1;

/*Data for the table `permissions` */

insert  into `permissions`(`permission_id`,`type`,`entity`,`created_at`,`created_by`) values (1,'create','ads','00:00:00',''),(2,'read','ads','00:00:00',''),(3,'update','ads','00:00:00',''),(4,'delete','ads','00:00:00',''),(5,'create','categories','00:00:00',''),(6,'read','categories','00:00:00',''),(7,'update','categories','00:00:00',''),(8,'delete','categories','00:00:00',''),(9,'create','countries','00:00:00',''),(10,'read','countries','00:00:00',''),(11,'update','countries','00:00:00',''),(12,'delete','countries','00:00:00',''),(13,'create','cities','00:00:00',''),(14,'read','cities','00:00:00',''),(15,'update','cities','00:00:00',''),(16,'delete','cities','00:00:00',''),(17,'create','category_attributes','00:00:00',''),(18,'read','category_attributes','00:00:00',''),(19,'update','category_attributes','00:00:00',''),(20,'delete','category_attributes','00:00:00',''),(21,'create','roles','00:00:00',''),(22,'read','roles','00:00:00',''),(23,'update','roles','00:00:00',''),(24,'delete','roles','00:00:00',''),(25,'create','users','00:00:00',''),(26,'read','users','00:00:00',''),(27,'update','users','00:00:00',''),(28,'delete','users','00:00:00',''),(29,'create','permissions','00:00:00',''),(30,'read','permissions','00:00:00',''),(31,'update','permissions','00:00:00',''),(32,'delete','permissions','00:00:00',''),(33,'create','membership_plan','00:00:00','0'),(34,'read','membership_plan','00:00:00','0'),(35,'update','membership_plan','00:00:00','0'),(36,'delete','membership_plan','00:00:00','0');

/*Table structure for table `roles` */

CREATE TABLE `roles` (
  `role_id` int(50) NOT NULL AUTO_INCREMENT,
  `name` text NOT NULL,
  `created_at` time NOT NULL,
  `created_by` text NOT NULL,
  `updated_at` time NOT NULL,
  `updated_by` text NOT NULL,
  PRIMARY KEY (`role_id`)
) ENGINE=InnoDB AUTO_INCREMENT=4 DEFAULT CHARSET=latin1;

/*Data for the table `roles` */

insert  into `roles`(`role_id`,`name`,`created_at`,`created_by`,`updated_at`,`updated_by`) values (1,'Private Seller','00:00:00','','00:00:00',''),(2,'Dealer Seller','00:00:00','','00:00:00',''),(3,'admin','00:00:00','0','10:36:34','8');

/*Table structure for table `roles_permissions` */

CREATE TABLE `roles_permissions` (
  `role_permission_id` int(50) NOT NULL AUTO_INCREMENT,
  `role_id` int(50) NOT NULL,
  `permission_id` int(50) NOT NULL,
  `created_at` time NOT NULL,
  `created_by` text NOT NULL,
  PRIMARY KEY (`role_permission_id`)
) ENGINE=InnoDB AUTO_INCREMENT=42 DEFAULT CHARSET=latin1;

/*Data for the table `roles_permissions` */

insert  into `roles_permissions`(`role_permission_id`,`role_id`,`permission_id`,`created_at`,`created_by`) values (6,3,1,'00:00:00','0'),(7,3,2,'00:00:00','0'),(8,3,3,'00:00:00','0'),(9,3,4,'00:00:00','0'),(10,3,5,'00:00:00','0'),(11,3,6,'00:00:00','0'),(12,3,7,'00:00:00','0'),(13,3,8,'00:00:00','0'),(14,3,9,'00:00:00','0'),(15,3,10,'00:00:00','0'),(16,3,11,'00:00:00','0'),(17,3,12,'00:00:00','0'),(18,3,13,'00:00:00','0'),(19,3,14,'00:00:00','0'),(20,3,15,'00:00:00','0'),(21,3,16,'00:00:00','0'),(22,3,17,'00:00:00','0'),(23,3,18,'00:00:00','0'),(24,3,19,'00:00:00','0'),(25,3,20,'00:00:00','0'),(26,3,21,'00:00:00','0'),(27,3,22,'00:00:00','0'),(28,3,23,'00:00:00','0'),(29,3,24,'00:00:00','0'),(30,3,25,'00:00:00','0'),(31,3,26,'00:00:00','0'),(32,3,27,'00:00:00','0'),(33,3,28,'00:00:00','0'),(34,3,29,'00:00:00','0'),(35,3,30,'00:00:00','0'),(36,3,31,'00:00:00','0'),(37,3,32,'00:00:00','0'),(38,3,33,'00:00:00','0'),(39,3,34,'00:00:00','0'),(40,3,35,'00:00:00','0'),(41,3,36,'00:00:00','0');

/*Table structure for table `users` */

CREATE TABLE `users` (
  `user_id` int(50) NOT NULL AUTO_INCREMENT,
  `membership_plan_id` int(50) DEFAULT NULL,
  `username` varchar(50) DEFAULT NULL,
  `email` varchar(30) DEFAULT NULL,
  `phone` varchar(20) DEFAULT NULL,
  `created_at` datetime DEFAULT NULL,
  `created_by` text,
  `updated_at` datetime DEFAULT NULL,
  `updated_by` text,
  `status` text,
  `google_account` tinyint(1) DEFAULT NULL,
  `facebook_account` tinyint(1) DEFAULT NULL,
  `facebook_id` varchar(1000) DEFAULT NULL,
  PRIMARY KEY (`user_id`)
) ENGINE=InnoDB AUTO_INCREMENT=16 DEFAULT CHARSET=latin1;

/*Data for the table `users` */

insert  into `users`(`user_id`,`membership_plan_id`,`username`,`email`,`phone`,`created_at`,`created_by`,`updated_at`,`updated_by`,`status`,`google_account`,`facebook_account`,`facebook_id`) values (8,7,'Sami.Masood','samimasood88@gmail.com','+9713055188448','2023-02-23 09:44:23',NULL,'2023-02-23 09:44:23',NULL,'Active',NULL,NULL,NULL),(14,10,'PurchaseValley','purchasevalley@gmail.com','+923055188448','2023-02-26 03:22:47',NULL,'2023-02-26 03:22:47',NULL,'Active',NULL,NULL,NULL);

/*Table structure for table `users_notifications` */

CREATE TABLE `users_notifications` (
  `user_notification_id` int(50) NOT NULL AUTO_INCREMENT,
  `user_id` int(50) NOT NULL,
  `notification_id` int(50) NOT NULL,
  `message` text NOT NULL,
  `created_at` time NOT NULL,
  `expiration_time` time NOT NULL,
  `status` text NOT NULL,
  PRIMARY KEY (`user_notification_id`)
) ENGINE=InnoDB DEFAULT CHARSET=latin1;

/*Data for the table `users_notifications` */

/*Table structure for table `users_profile` */

CREATE TABLE `users_profile` (
  `user_id` int(50) NOT NULL,
  `first_name` text,
  `last_name` text,
  `profile_picture` varchar(50) DEFAULT NULL,
  `address` text,
  `birth_date` date DEFAULT NULL,
  `bio` text,
  `updated_at` datetime DEFAULT NULL,
  `updated_by` text,
  PRIMARY KEY (`user_id`)
) ENGINE=InnoDB DEFAULT CHARSET=latin1;

/*Data for the table `users_profile` */

insert  into `users_profile`(`user_id`,`first_name`,`last_name`,`profile_picture`,`address`,`birth_date`,`bio`,`updated_at`,`updated_by`) values (8,'Muhammad Sami','Masood','data/profile-images/PV-MTS-19-1.jpg','My house 2','1936-09-01',NULL,'2023-02-25 06:07:54','8'),(14,NULL,NULL,NULL,NULL,NULL,NULL,NULL,NULL);

/*Table structure for table `users_roles` */

CREATE TABLE `users_roles` (
  `user_role_id` int(50) NOT NULL AUTO_INCREMENT,
  `user_id` int(50) NOT NULL,
  `role_id` int(30) NOT NULL,
  `created_at` datetime NOT NULL,
  `created_by` text,
  PRIMARY KEY (`user_role_id`)
) ENGINE=InnoDB AUTO_INCREMENT=10 DEFAULT CHARSET=latin1;

/*Data for the table `users_roles` */

insert  into `users_roles`(`user_role_id`,`user_id`,`role_id`,`created_at`,`created_by`) values (2,8,1,'2023-02-23 09:44:23',NULL),(8,14,2,'2023-02-26 03:22:47',NULL),(9,8,3,'2023-03-09 00:00:00','0');

/*Table structure for table `users_security` */

CREATE TABLE `users_security` (
  `user_id` int(50) NOT NULL,
  `password_hash` varchar(255) NOT NULL,
  `salt` int(50) NOT NULL,
  `updated_at` datetime DEFAULT NULL,
  `token` int(50) DEFAULT NULL,
  PRIMARY KEY (`user_id`)
) ENGINE=InnoDB DEFAULT CHARSET=latin1;

/*Data for the table `users_security` */

insert  into `users_security`(`user_id`,`password_hash`,`salt`,`updated_at`,`token`) values (8,'$2y$09$DMCirROUSPkkoO5IJABKpu9A./vsVMNZjCFPAfahD45lr2ix05O8y',1,NULL,NULL),(14,'$2y$09$GXYl.QW7Xi6d3cWcrS9Gfujo0sX49Np5i.VAcHQIGgVRWWkp0jcae',1,NULL,NULL);

/*!40101 SET SQL_MODE=@OLD_SQL_MODE */;
/*!40014 SET UNIQUE_CHECKS=@OLD_UNIQUE_CHECKS */;
/*!40111 SET SQL_NOTES=@OLD_SQL_NOTES */;
